IBGE_6,IBGE_7,Município_Join,latitude,longitude,valor_vaar_2025,populacao,iqem_indice,Motivo,recebeu_valor,valor_estimado
352310,3523107.0,ITAQUAQUECETUBA,-23.46148964830576,-46.33393684997863,25288932.58,3692750.0,0.01059,,True,1059000.0
354850,3548500.0,SANTOS,-23.869023749455454,-46.29160073533575,7604232.17,4186080.0,0.0086116,,True,861160.0
352390,3523909.0,ITU,-23.307105570422816,-47.28455201133518,9691798.66,1682400.0,0.0040452,,True,404519.99999999994
350550,3505500.0,BARRETOS,-20.51416363636213,-48.651990691020266,4028217.36,1224850.0,0.0029077,,True,290770.0
350920,3509205.0,CAJAMAR,-23.351473694985238,-46.87200891957303,4631770.55,926890.0,0.0026371,,True,263710.0
351110,3511102.0,CATANDUVA,-21.13375643758814,-48.963683810985856,2941106.84,1157910.0,0.0025948,,True,259480.0
355710,3557105.0,VOTUPORANGA,-20.457797899042667,-49.9891142743525,2579485.8,966340.0,0.0023078,,True,230780.0
353030,3530300.0,MIRASSOL,-20.827596988327496,-49.50424269826822,3039936.11,633370.0,0.0015152,,True,151520.0
351040,3510401.0,CAPIVARI,-22.980708116594627,-47.47803609851957,1801525.15,500680.0,0.0014041,,True,140410.0
350590,3505906.0,BATATAIS,-20.86778234980486,-47.57475199619415,2896334.5,584020.0,0.0013033,,True,130330.00000000001
355370,3553708.0,TAQUARITINGA,-21.42554825186297,-48.53790222770733,2403384.29,522600.0,0.0012954,,True,129540.0
351440,3514403.0,DRACENA,-21.5566602559992,-51.58408995480293,1144584.18,454740.0,0.0010423,,True,104229.99999999999
353130,3531308.0,MONTE ALTO,-21.259308770182017,-48.53301775677264,1222927.28,475740.0,0.0010205,,True,102049.99999999999
351830,3518305.0,GUARAREMA,-23.427575274495783,-46.05856184617405,1187181.49,312360.0,0.000982,,True,98200.0
352410,3524105.0,ITUVERAVA,-20.329489502234654,-47.80959913475954,1183561.78,375710.0,0.0008991,,True,89910.0
350530,3505302.0,BARRA BONITA,-22.47941079538592,-48.54174207424428,1520037.65,343460.0,0.0008504,,True,85040.0
351820,3518206.0,GUARARAPES,-21.28529000647281,-50.69516951255806,911428.13,310430.0,0.0008271,,True,82710.0
350800,3508009.0,BURI,-23.75204230358704,-48.57528930966664,2380800.78,202500.0,0.0006843,,True,68430.0
351030,3510302.0,CAPELA DO ALTO,-23.467436351838533,-47.730999954042,968397.21,228660.0,0.0006645,,True,66450.0
350780,3507803.0,BRODOWSKI,-21.04951895805526,-47.62771644973586,1804354.57,252010.0,0.0006501,,True,65010.0
353740,3537404.0,PEREIRA BARRETO,-20.67774661307015,-51.10647070344915,682614.64,240950.0,0.0006483,,True,64830.0
353920,3539202.0,PIRAPOZINHO,-22.479308416933478,-51.6198936611709,735293.25,253480.0,0.0006154,,True,61540.0
353910,3539103.0,PIRAPORA DO BOM JESUS,-23.37823835203177,-46.98489892631781,2032373.28,183700.0,0.0005588,,True,55880.0
351490,3514908.0,ELIAS FAUSTO,-23.07062788588866,-47.37069508194799,1738090.96,176990.0,0.000515,,True,51500.00000000001
353530,3535309.0,PALMITAL,-22.828761933635324,-50.22085751629902,567251.44,195940.0,0.000513,,True,51300.0
352350,3523503.0,ITATINGA,-23.15362681730537,-48.62939317336495,1322733.13,190700.0,0.0005077,,True,50770.0
351100,3511003.0,CASTILHO,-20.89767944156598,-51.57024047803719,1339547.99,199770.0,0.000504,,True,50400.0
351170,3511706.0,CHARQUEADA,-22.53015160568654,-47.74629791594071,1363393.44,155350.0,0.0004594,,True,45940.0
355510,3555109.0,TUPI PAULISTA,-21.390421214690367,-51.58722662866349,1017260.83,158540.0,0.0004537,,True,45370.0
353700,3537008.0,PEDREGULHO,-20.205558163402674,-47.4390642535346,976962.19,155250.0,0.0004475,,True,44750.0
352042,3520426.0,ILHA COMPRIDA,-24.85893317584064,-47.71517932727811,1385090.19,134190.0,0.0004331,,True,43310.0
355680,3556800.0,VIRADOURO,-20.88432247770932,-48.3098842556075,595519.64,174140.0,0.0003946,,True,39460.0
354425,3544251.0,ROSANA,-22.4891594665676,-52.83697610459327,405242.67,174400.0,0.0003938,,True,39380.0
351480,3514809.0,ELDORADO,-24.49505246506111,-48.2336124051708,899654.99,130690.0,0.0003831,,True,38310.0
353500,3535002.0,PALESTINA,-20.321169764912195,-49.49761721933299,958860.5,114760.0,0.000308,,True,30800.0
353850,3538501.0,PIQUETE,-22.590330147206256,-45.17389869775996,525607.73,124900.0,0.0003014,,True,30140.0
351070,3510708.0,CARDOSO,-20.067187732303893,-49.94750736366719,746901.45,113450.0,0.0002901,,True,29010.0
350630,3506300.0,BERNARDINO DE CAMPOS,-23.0308602926466,-49.49186090638593,613807.21,116070.0,0.0002857,,True,28570.0
351790,3517901.0,GUARACI,-20.3747796450057,-49.00277937485971,466498.2,103500.0,0.000283,,True,28300.0
353282,3532827.0,NOVA CAMPINA,-24.190620755420984,-48.97294835910721,894001.07,84970.0,0.0002792,,True,27920.0
353510,3535101.0,PALMARES PAULISTA,-21.10456849674039,-48.8266556956628,636686.82,96500.0,0.000257,,True,25700.0
353900,3539004.0,PIRANGI,-21.09389716600705,-48.66934216035779,277813.42,108850.0,0.0002539,,True,25390.0
354490,3544905.0,SALES OLIVEIRA,-20.831443319159103,-47.85459341955018,306065.63,114110.0,0.0002491,,True,24910.0
353480,3534807.0,OURO VERDE,-21.510393387605586,-51.7379299717372,376014.54,77790.0,0.0002478,,True,24780.0
355660,3556602.0,VERA CRUZ,-22.23408910600974,-49.826206702831,522818.41,101760.0,0.0002469,,True,24690.0
355160,3551603.0,SERRA NEGRA,-22.58906090583168,-46.687321672792045,464984.32,298940.0,0.0002421,,True,24210.0
351910,3519105.0,IACANGA,-21.8909385811259,-49.03963250574353,889276.99,104370.0,0.0002253,,True,22530.0
354515,3545159.0,SALTINHO,-22.87116796758045,-47.73174821273649,571040.0,81610.0,0.0002243,,True,22430.0
353260,3532603.0,NHANDEARA,-20.67298801785721,-50.04687773954212,193645.37,98520.0,0.0002191,,True,21910.0
351535,3515350.0,EUCLIDES DA CUNHA PAULISTA,-22.51894168867677,-52.58868021240416,234846.51,79240.0,0.0002187,,True,21870.0
353520,3535200.0,PALMEIRA D'OESTE,-20.438841121188933,-50.74875333228266,188570.2,89030.0,0.0002151,,True,21510.0
350340,3503406.0,AREALVA,-22.076224961394345,-48.98188112393882,471595.51,81300.0,0.0002116,,True,21160.0
352450,3524501.0,JACI,-20.94524740061347,-49.5811440472445,264548.94,76130.0,0.0002091,,True,20910.0
355690,3556909.0,VISTA ALEGRE DO ALTO,-21.17669181781368,-48.649498777305176,283405.0,81090.0,0.0002049,,True,20490.0
352160,3521606.0,IRAPURU,-21.48427953480708,-51.346484409996926,151561.34,70850.0,0.0001875,,True,18750.0
355440,3554409.0,TERRA ROXA,-20.77873054099716,-48.34576933659591,331669.2,79040.0,0.0001866,,True,18660.0
350310,3503109.0,ARANDU,-23.177667086372185,-49.06400383011063,244558.21,68850.0,0.0001865,,True,18650.0
350370,3503703.0,ARIRANHA,-21.185651002478927,-48.779203325124165,202474.18,76020.0,0.0001814,,True,18140.0
355290,3552908.0,TACIBA,-22.50486563505692,-51.34229813480879,473425.37,62600.0,0.0001773,,True,17730.0
352420,3524204.0,JABORANDI,-20.65003642430384,-48.41599152150666,571092.76,62210.0,0.0001638,,True,16380.0
352120,3521200.0,IPORANGA,-24.51269030037149,-48.54630623170817,254196.63,40460.0,0.0001389,,True,13889.999999999998
353400,3534005.0,ONDA VERDE,-20.617376480944085,-49.24367774895811,168630.39,47710.0,0.0001239,,True,12390.0
353160,3531605.0,MONTE CASTELO,-21.254900658892065,-51.57136182825841,135963.77,42220.0,0.0001173,,True,11730.0
354710,3547106.0,SANTA MERCEDES,-21.316731520882037,-51.73712609697455,230260.43,29560.0,0.0001066,,True,10660.0
352300,3523008.0,ITAPURA,-20.594995935010008,-51.44046730556028,262563.75,39790.0,0.0001048,,True,10480.0
352540,3525409.0,JERIQUARA,-20.34016063711269,-47.57411182619817,214834.53,38630.0,0.0001023,,True,10230.0
353970,3539707.0,PLATINA,-22.62529036464582,-50.2127349942307,223685.98,30250.0,0.0001018,,True,10180.0
353625,3536257.0,PARISI,-20.27162213408672,-50.03737619852039,204885.3,28920.0,0.0001,,True,10000.0
351260,3512605.0,CORONEL MACEDO,-23.630165875114688,-49.30680793971185,129489.3,42800.0,9.81e-05,,True,9810.0
352215,3522158.0,ITAOCA,-24.617831651980232,-48.83894476882674,104180.03,34220.0,9.75e-05,,True,9750.0
350240,3502408.0,ANHUMAS,-22.36200566862795,-51.42776089803261,129489.3,40230.0,8.94e-05,,True,8940.0
354360,3543600.0,RIFAINA,-20.060852954330517,-47.44086436366156,143615.41,40490.0,8.55e-05,,True,8550.0
351530,3515301.0,ESTRELA DO NORTE,-22.485631905139847,-51.66906502226006,98305.16,27030.0,8.44e-05,,True,8440.0
354280,3542800.0,RIBEIRA,-24.60735290526391,-49.03659582554909,113891.73,31320.0,8.22e-05,,True,8220.0
350090,3500907.0,ALTAIR,-20.53336625422861,-49.09386318126816,222156.52,34510.0,8e-05,,True,8000.000000000001
353715,3537156.0,PEDRINHAS PAULISTA,-22.816864504934653,-50.80244212893774,184673.94,28040.0,7.16e-05,,True,7160.000000000001
351400,3514007.0,DOBRADA,-21.516189968331776,-48.35747004594885,172750.51,87590.0,7.01e-05,,True,7010.0
351590,3515905.0,FLOREAL,-20.669707638627965,-50.15492910608703,71219.12,27330.0,6.64e-05,,True,6640.0
354030,3540309.0,PONTES GESTAL,-20.174867870622965,-49.75729473739779,181996.95,23870.0,6.58e-05,,True,6580.0
355365,3553658.0,TAQUARAL,-21.069263087577628,-48.39942640119168,69747.65,26190.0,4.98e-05,,True,4980.0
351920,3519204.0,IACRI,-21.79984776053102,-50.61946525931292,92996.86,61310.0,4.86e-05,,True,4860.0
354765,3547650.0,SANTA SALETE,-20.2586355987812,-50.72003520438491,31195.15,16450.0,1.32e-05,,True,1320.0
350390,3503901.0,ARUJÁ,-23.385988279846703,-46.31899185189632,0.0,0.0,0.0,,False,0.0
350395,3503950.0,ASPÁSIA,-20.18351994534497,-50.728076095861,0.0,0.0,0.0,,False,0.0
350400,3504008.0,ASSIS,-22.60174773267543,-50.42071356328535,0.0,1014090.0,0.0024229,"Não cumprimento do disposto no art. 14, § 1º, III da Lei nº 14113/2020",False,0.0
350410,3504107.0,ATIBAIA,-23.1233451249278,-46.58682603981098,0.0,1586470.0,0.0041233,"Não cumprimento do disposto no art. 14, § 1º, III da Lei nº 14113/2020",False,0.0
350420,3504206.0,AURIFLAMA,-20.644100083137037,-50.57997711734786,0.0,136920.0,0.000319,"Não cumprimento do disposto no art. 14, § 1º, III da Lei nº 14113/2020",False,0.0
350430,3504305.0,AVAÍ,-22.187181803251857,-49.31623015593768,0.0,0.0,0.0,,False,0.0
350440,3504404.0,AVANHANDAVA,-21.460518360888997,-49.9473242890534,0.0,112630.0,0.0003267,"Não cumprimento do disposto no art. 14, § 1º, I e V da Lei nº 14113/2020",False,0.0
350450,3504503.0,AVARÉ,-23.075232128092555,-48.894025965888126,0.0,0.0,0.0,,False,0.0
350460,3504602.0,BADY BASSITT,-20.93153587501928,-49.43765125095303,0.0,272600.0,0.0007042,"Não cumprimento do disposto no art. 14, § 1º, I e III da Lei nº 14113/2020",False,0.0
350470,3504701.0,BALBINOS,-21.89236402866932,-49.333055316829366,0.0,38870.0,0.0001093,"Não cumprimento do disposto no art. 14, § 1º, I da Lei nº 14113/2020",False,0.0
350480,3504800.0,BÁLSAMO,-20.709566716644,-49.55193180245614,0.0,0.0,0.0,,False,0.0
350490,3504909.0,BANANAL,-22.73381083229664,-44.33445535125917,0.0,99690.0,0.0002409,"Não cumprimento do disposto no art. 14, § 1º, I e II da Lei nº 14113/2020",False,0.0
350500,3505005.0,BARÃO DE ANTONINA,-23.58288853370661,-49.57191677888025,0.0,0.0,0.0,,False,0.0
350510,3505104.0,BARBOSA,-21.29073201998557,-49.921986518315855,0.0,56400.0,0.0001539,"Não cumprimento do disposto no art. 14, § 1º, III da Lei nº 14113/2020",False,0.0
350520,3505203.0,BARIRI,-22.066790382189964,-48.71883049398208,0.0,315950.0,0.0007986,Não apresentou melhoria em nenhum dos indicadores de atendimento e de melhoria da aprendizagem com redução das desigualdades.,False,0.0
350535,3505351.0,BARRA DO CHAPÉU,-24.443839517485507,-49.08524364575783,0.0,0.0,0.0,,False,0.0
350540,3505401.0,BARRA DO TURVO,-24.888677502385143,-48.426959415350005,0.0,68760.0,0.0001431,"Não cumprimento do disposto no art. 14, § 1º, I da Lei nº 14113/2020",False,0.0
350560,3505609.0,BARRINHA,-21.232534559863183,-48.09506835619223,0.0,320920.0,0.0009138,"Não cumprimento do disposto no art. 14, § 1º, I e III da Lei nº 14113/2020",False,0.0
350570,3505708.0,BARUERI,-23.505255538667917,-46.87723973437879,0.0,3164730.0,0.0094157,"Não cumprimento do disposto no art. 14, § 1º, III da Lei nº 14113/2020",False,0.0
350580,3505807.0,BASTOS,-21.95024846117339,-50.74390950633835,0.0,215030.0,0.0005115,"Não cumprimento do disposto no art. 14, § 1º, I da Lei nº 14113/2020",False,0.0
350600,3506003.0,BAURU,-22.253899466674497,-49.12613997539477,0.0,3791460.0,0.0069293,"Não cumprimento do disposto no art. 14, § 1º, III da Lei nº 14113/2020",False,0.0
350610,3506102.0,BEBEDOURO,-20.940443000689807,-48.51072779769571,0.0,763730.0,0.0017436,"Não cumprimento do disposto no art. 14, § 1º, III da Lei nº 14113/2020",False,0.0
350620,3506201.0,BENTO DE ABREU,-21.331694357880536,-50.86191571156688,0.0,26060.0,7.49e-05,"Não cumprimento do disposto no art. 14, § 1º, I e III da Lei nº 14113/2020",False,0.0
350635,3506359.0,BERTIOGA,-23.759819092211817,-46.030058554426034,0.0,641880.0,0.0022082,"Não cumprimento do disposto no art. 14, § 1º, III da Lei nº 14113/2020",False,0.0
350640,3506409.0,BILAC,-21.427707385362865,-50.479278616386175,0.0,73190.0,0.0001929,"Não cumprimento do disposto no art. 14, § 1º, I da Lei nº 14113/2020",False,0.0
350650,3506508.0,BIRIGUI,-21.261674880897623,-50.35100180248788,0.0,1189790.0,0.0032345,"Não cumprimento do disposto no art. 14, § 1º, III da Lei nº 14113/2020",False,0.0
350660,3506607.0,BIRITIBA MIRIM,-23.624160793405963,-46.021332412959616,0.0,0.0,0.0,"Não cumprimento do disposto no art. 14, § 1º, I e III da Lei nº 14113/2020",False,0.0
350670,3506706.0,BOA ESPERANÇA DO SUL,-21.93499163599176,-48.46362177261689,0.0,0.0,0.0,,False,0.0
350680,3506805.0,BOCAINA,-22.105468245435556,-48.52903846142771,0.0,112590.0,0.0002675,"Não cumprimento do disposto no art. 14, § 1º, III da Lei nº 14113/2020",False,0.0
350690,3506904.0,BOFETE,-23.12901149863348,-48.28587360486147,0.0,104600.0,0.0003051,"Não cumprimento do disposto no art. 14, § 1º, I e III da Lei nº 14113/2020",False,0.0
350700,3507001.0,BOITUVA,-23.28767473561714,-47.674937605213536,0.0,610810.0,0.001628,"Não cumprimento do disposto no art. 14, § 1º, III da Lei nº 14113/2020",False,0.0
350710,3507100.0,BOM JESUS DOS PERDÕES,-23.172531063631773,-46.47902735387744,0.0,0.0,0.0,,False,0.0
350715,3507159.0,BOM SUCESSO DE ITARARÉ,-24.31603620978214,-49.16471540888745,0.0,0.0,0.0,,False,0.0
350720,3507209.0,BORÁ,-22.24417455141948,-50.50212475052224,0.0,0.0,0.0,,False,0.0
350730,3507308.0,BORACÉIA,-22.170043281446965,-48.788384186243285,0.0,0.0,0.0,,False,0.0
350740,3507407.0,BORBOREMA,-21.610778256524767,-49.07201334311464,0.0,142260.0,0.0002358,"Não cumprimento do disposto no art. 14, § 1º, I da Lei nº 14113/2020",False,0.0
350745,3507456.0,BOREBI,-22.680598188867243,-48.99232835389555,0.0,27130.0,8.04e-05,"Não cumprimento do disposto no art. 14, § 1º, III da Lei nº 14113/2020",False,0.0
350750,3507506.0,BOTUCATU,-22.863415114434336,-48.46830004986397,0.0,1451550.0,0.0033476,"Não cumprimento do disposto no art. 14, § 1º, III da Lei nº 14113/2020",False,0.0
350760,3507605.0,BRAGANÇA PAULISTA,-22.93840457478192,-46.55604377364676,0.0,0.0,0.0,,False,0.0
350770,3507704.0,BRAÚNA,-21.55324154071525,-50.33942722496315,386748.09,0.0,0.0,,True,0.0
350775,3507753.0,BREJO ALEGRE,-21.176605563123083,-50.20980723562507,0.0,25650.0,7.64e-05,"Não cumprimento do disposto no art. 14, § 1º, III da Lei nº 14113/2020",False,0.0
350790,3507902.0,BROTAS,-22.273351383330088,-48.08123373793086,0.0,238980.0,0.0005962,"Não cumprimento do disposto no art. 14, § 1º, I e V da Lei nº 14113/2020",False,0.0
350810,3508108.0,BURITAMA,-21.049091255187925,-50.200271494784026,0.0,172100.0,0.0004333,"Não cumprimento do disposto no art. 14, § 1º, I, II e V da Lei nº 14113/2020",False,0.0
350820,3508207.0,BURITIZAL,-20.209305229936707,-47.69295396917601,0.0,43560.0,9.8e-05,Não apresentou melhoria em nenhum dos indicadores de atendimento e de melhoria da aprendizagem com redução das desigualdades.,False,0.0
350830,3508306.0,CABRÁLIA PAULISTA,-22.489522221347325,-49.37303896783624,0.0,0.0,0.0,,False,0.0
350840,3508405.0,CABREÚVA,-23.30126267556731,-47.08027375348407,0.0,0.0,0.0,,False,0.0
350850,3508504.0,CAÇAPAVA,-23.103733460290535,-45.71333756801552,0.0,0.0,0.0,,False,0.0
350860,3508603.0,CACHOEIRA PAULISTA,-22.70230098776377,-44.99171144851991,0.0,315640.0,0.0007343,"Não cumprimento do disposto no art. 14, § 1º, II da Lei nº 14113/2020",False,0.0
350870,3508702.0,CACONDE,-21.539494411936907,-46.6171015634065,0.0,171010.0,0.000471,"Não cumprimento do disposto no art. 14, § 1º, I, II e V da Lei nº 14113/2020",False,0.0
350880,3508801.0,CAFELÂNDIA,-21.731193964056484,-49.54878312714765,0.0,0.0,0.0,,False,0.0
350890,3508900.0,CAIABU,-21.949831280861392,-51.22389457446209,0.0,37120.0,9.23e-05,"Não cumprimento do disposto no art. 14, § 1º, I e III da Lei nº 14113/2020",False,0.0
350900,3509007.0,CAIEIRAS,-23.37592127064723,-46.74521908305864,0.0,950320.0,0.0024743,"Não cumprimento do disposto no art. 14, § 1º, III da Lei nº 14113/2020",False,0.0
350910,3509106.0,CAIUÁ,-21.801962270997077,-51.98684233002721,0.0,0.0,0.0,,False,0.0
350925,3509254.0,CAJATI,-24.77198946611262,-48.19498691383894,0.0,285150.0,0.0008285,"Não cumprimento do disposto no art. 14, § 1º, III da Lei nº 14113/2020",False,0.0
350930,3509304.0,CAJOBI,-20.873702588926736,-48.83872883641525,0.0,91330.0,0.0002475,"Não cumprimento do disposto no art. 14, § 1º, III da Lei nº 14113/2020",False,0.0
350940,3509403.0,CAJURU,-21.27596108697353,-47.31028750470914,0.0,238300.0,0.0005619,"Não cumprimento do disposto no art. 14, § 1º, II e III da Lei nº 14113/2020",False,0.0
350945,3509452.0,CAMPINA DO MONTE ALEGRE,-23.60678046639129,-48.44191044980152,0.0,59540.0,0.0001649,"Não cumprimento do disposto no art. 14, § 1º, I, II e V da Lei nº 14113/2020",False,0.0
350950,3509502.0,CAMPINAS,-22.883754630939976,-47.043850498122055,0.0,11390470.0,0.0198548,"Não cumprimento do disposto no art. 14, § 1º, II, III e V da Lei nº 14113/2020",False,0.0
350960,3509601.0,CAMPO LIMPO PAULISTA,-23.21795158062505,-46.76009281505825,0.0,776320.0,0.0019962,"Não cumprimento do disposto no art. 14, § 1º, III da Lei nº 14113/2020",False,0.0
350970,3509700.0,CAMPOS DO JORDÃO,-22.70161979318858,-45.5330238373414,0.0,0.0,0.0,,False,0.0
350980,3509809.0,CAMPOS NOVOS PAULISTA,-22.610893101665766,-50.010210177207135,0.0,48880.0,0.0001587,"Não cumprimento do disposto no art. 14, § 1º, III da Lei nº 14113/2020",False,0.0
350990,3509908.0,CANANÉIA,-25.018431479144603,-48.008580898997096,0.0,0.0,0.0,,False,0.0
350995,3509957.0,CANAS,-22.730173391253047,-45.04111899728814,0.0,49310.0,0.0001336,"Não cumprimento do disposto no art. 14, § 1º, I e III da Lei nº 14113/2020",False,0.0
351000,3510005.0,CÂNDIDO MOTA,-22.80862114964183,-50.42170457364727,0.0,0.0,0.0,,False,0.0
351010,3510104.0,CÂNDIDO RODRIGUES,-21.342822589557773,-48.62866166103888,0.0,0.0,0.0,,False,0.0
351015,3510153.0,CANITAR,-23.018821695792536,-49.7919152366654,0.0,62830.0,0.0002272,"Não cumprimento do disposto no art. 14, § 1º, I, II e V da Lei nº 14113/2020",False,0.0
351020,3510203.0,CAPÃO BONITO,-24.039208368179967,-48.28985753695051,0.0,0.0,0.0,,False,0.0
351050,3510500.0,CARAGUATATUBA,-23.63962434351871,-45.48787006079076,0.0,1348730.0,0.0036408,"Não cumprimento do disposto no art. 14, § 1º, III da Lei nº 14113/2020",False,0.0
351060,3510609.0,CARAPICUÍBA,-23.55004027228612,-46.84196305013447,0.0,0.0,0.0,,False,0.0
351080,3510807.0,CASA BRANCA,-21.800531783032145,-47.088138314770994,0.0,280830.0,0.0006618,Não apresentou melhoria em nenhum dos indicadores de atendimento e de melhoria da aprendizagem com redução das desigualdades.,False,0.0
351090,3510906.0,CÁSSIA DOS COQUEIROS,-21.263258585459745,-47.14397407546189,0.0,0.0,0.0,,False,0.0
351120,3511201.0,CATIGUÁ,-21.0628067511996,-49.05275422355262,0.0,0.0,0.0,,False,0.0
351130,3511300.0,CEDRAL,-20.913954584470243,-49.26399518890919,0.0,126180.0,0.0003008,"Não cumprimento do disposto no art. 14, § 1º, II e III da Lei nº 14113/2020",False,0.0
351140,3511409.0,CERQUEIRA CÉSAR,-23.05933089882392,-49.14378375118862,0.0,0.0,0.0,,False,0.0
351150,3511508.0,CERQUILHO,-23.187130119553697,-47.75709652194288,0.0,446950.0,0.0010535,"Não cumprimento do disposto no art. 14, § 1º, I e III da Lei nº 14113/2020",False,0.0
351160,3511607.0,CESÁRIO LANGE,-23.21653102634401,-47.90389707854262,0.0,0.0,0.0,,False,0.0
351190,3511904.0,CLEMENTINA,-21.5703012983037,-50.460080420448655,0.0,69820.0,0.0001829,"Não cumprimento do disposto no art. 14, § 1º, I da Lei nº 14113/2020",False,0.0
351200,3512001.0,COLINA,-20.746197915715133,-48.58898396954181,0.0,184860.0,0.0004601,Não apresentou melhoria em nenhum dos indicadores de atendimento e de melhoria da aprendizagem com redução das desigualdades.,False,0.0
351210,3512100.0,COLÔMBIA,-20.26687847785503,-48.72174568434068,818859.59,0.0,0.0,,True,0.0
351220,3512209.0,CONCHAL,-22.369286446693053,-47.14115985736122,0.0,281010.0,0.0007901,"Não cumprimento do disposto no art. 14, § 1º, III da Lei nº 14113/2020",False,0.0
351230,3512308.0,CONCHAS,-22.965625895632645,-48.04706532808847,0.0,152320.0,0.000406,"Não cumprimento do disposto no art. 14, § 1º, I, II e III da Lei nº 14113/2020",False,0.0
351240,3512407.0,CORDEIRÓPOLIS,-22.47947148369747,-47.41479474510231,0.0,0.0,0.0,,False,0.0
351250,3512506.0,COROADOS,-21.375632022702398,-50.30346410159776,0.0,54000.0,0.000151,"Não cumprimento do disposto no art. 14, § 1º, I da Lei nº 14113/2020",False,0.0
351270,3512704.0,CORUMBATAÍ,-22.236395030319105,-47.61108081013878,0.0,0.0,0.0,,False,0.0
351280,3512803.0,COSMÓPOLIS,-22.65170019035325,-47.18638879537114,0.0,0.0,0.0,,False,0.0
351290,3512902.0,COSMORAMA,-20.44252704559033,-49.77457805433547,0.0,87190.0,0.0001655,"Não cumprimento do disposto no art. 14, § 1º, III da Lei nº 14113/2020",False,0.0
351300,3513009.0,COTIA,-23.675130957167895,-46.96044211794979,0.0,2744130.0,0.0067026,"Não cumprimento do disposto no art. 14, § 1º, II da Lei nº 14113/2020",False,0.0
351310,3513108.0,CRAVINHOS,-21.33956065331468,-47.744559268625466,0.0,332810.0,0.0008819,"Não cumprimento do disposto no art. 14, § 1º, III da Lei nº 14113/2020",False,0.0
351320,3513207.0,CRISTAIS PAULISTA,-20.37132030131485,-47.40088579016204,0.0,92720.0,0.0002427,"Não cumprimento do disposto no art. 14, § 1º, I, II e III da Lei nº 14113/2020",False,0.0
351330,3513306.0,CRUZÁLIA,-22.738070568765057,-50.76910993265659,64156.06,0.0,0.0,,True,0.0
351340,3513405.0,CRUZEIRO,-22.551362827547305,-45.00630481042368,0.0,749610.0,0.0017541,"Não cumprimento do disposto no art. 14, § 1º, III da Lei nº 14113/2020",False,0.0
351350,3513504.0,CUBATÃO,-23.865861755229048,-46.40820331995403,0.0,0.0,0.0,,False,0.0
351360,3513603.0,CUNHA,-23.05288302858338,-44.942119319966125,0.0,221100.0,0.0005592,"Não cumprimento do disposto no art. 14, § 1º, III da Lei nº 14113/2020",False,0.0
351370,3513702.0,DESCALVADO,-21.881201876208745,-47.6546268026342,0.0,317560.0,0.0008392,"Não cumprimento do disposto no art. 14, § 1º, I da Lei nº 14113/2020",False,0.0
351380,3513801.0,DIADEMA,-23.697119899667832,-46.61134223532744,0.0,3932370.0,0.0083237,"Não cumprimento do disposto no art. 14, § 1º, III da Lei nº 14113/2020",False,0.0
351385,3513850.0,DIRCE REIS,-20.44847645903061,-50.62811255674651,0.0,16200.0,3.03e-05,"Não cumprimento do disposto no art. 14, § 1º, I da Lei nº 14113/2020",False,0.0
351390,3513900.0,DIVINOLÂNDIA,-21.66170037959864,-46.69742189083762,0.0,0.0,0.0,,False,0.0
351410,3514106.0,DOIS CÓRREGOS,-22.39603276555569,-48.34048864056439,0.0,0.0,0.0,,False,0.0
351420,3514205.0,DOLCINÓPOLIS,-20.11727864861038,-50.52832549448491,0.0,0.0,0.0,,False,0.0
351430,3514304.0,DOURADO,-22.117247410746085,-48.33339742984872,0.0,80960.0,0.0002159,"Não cumprimento do disposto no art. 14, § 1º, I, II e V da Lei nº 14113/2020",False,0.0
351450,3514502.0,DUARTINA,-22.393295136553643,-49.41333860655509,0.0,123280.0,0.0002875,"Não cumprimento do disposto no art. 14, § 1º, I da Lei nº 14113/2020",False,0.0
351460,3514601.0,DUMONT,-21.247090743985677,-47.979778981625685,0.0,94710.0,0.0002636,"Não cumprimento do disposto no art. 14, § 1º, I e III da Lei nº 14113/2020",False,0.0
351470,3514700.0,ECHAPORÃ,-22.44832313094748,-50.20068708698976,208948.65,0.0,0.0,,True,0.0
351492,3514924.0,ELISIÁRIO,-21.16133259414445,-49.09205531495818,0.0,0.0,0.0,,False,0.0
351495,3514957.0,EMBAÚBA,-20.95292037843824,-48.84759623688533,0.0,0.0,0.0,,False,0.0
351500,3515004.0,EMBU DAS ARTES,-23.651365570299973,-46.85150351592584,0.0,2506910.0,0.0059557,,False,0.0
351510,3515103.0,EMBU-GUAÇU,-23.854342804357945,-46.8306937188482,0.0,0.0,0.0,,False,0.0
351512,3515129.0,EMILIANÓPOLIS,-21.800944058429444,-51.47217486692948,138318.12,0.0,0.0,,True,0.0
351515,3515152.0,ENGENHEIRO COELHO,-22.487136330174927,-47.17487147026161,0.0,195660.0,0.0004423,"Não cumprimento do disposto no art. 14, § 1º, III da Lei nº 14113/2020",False,0.0
351518,3515186.0,ESPÍRITO SANTO DO PINHAL,-22.19238710867887,-46.79332043889922,697329.34,0.0,0.0,,True,0.0
351519,3515194.0,ESPÍRITO SANTO DO TURVO,-22.6708367644574,-49.43297905488837,365802.45,0.0,0.0,,True,0.0
351520,3515202.0,ESTRELA D'OESTE,-20.265699604323693,-50.41151588290924,0.0,94170.0,0.0002359,,False,0.0
351540,3515400.0,FARTURA,-23.3901484411153,-49.51966363140791,0.0,166410.0,0.0004764,"Não cumprimento do disposto no art. 14, § 1º, I da Lei nº 14113/2020",False,0.0
351550,3515509.0,FERNANDÓPOLIS,-20.2718118260524,-50.28298146839623,0.0,0.0,0.0,,False,0.0
351560,3515608.0,FERNANDO PRESTES,-21.310236369222597,-48.69565520579618,0.0,59420.0,0.0001557,"Não cumprimento do disposto no art. 14, § 1º, I da Lei nº 14113/2020",False,0.0
351565,3515657.0,FERNÃO,-22.365793807522284,-49.54247075074523,114181.03,0.0,0.0,,True,0.0
351570,3515707.0,FERRAZ DE VASCONCELOS,-23.56090093608267,-46.37395685813249,0.0,1791980.0,0.0053055,"Não cumprimento do disposto no art. 14, § 1º, III da Lei nº 14113/2020",False,0.0
351580,3515806.0,FLORA RICA,-21.69849475333761,-51.37421280583444,0.0,14870.0,3.88e-05,"Não cumprimento do disposto no art. 14, § 1º, I da Lei nº 14113/2020",False,0.0
351600,3516002.0,FLÓRIDA PAULISTA,-21.540041204128386,-51.17069045787477,0.0,0.0,0.0,,False,0.0
351610,3516101.0,FLORÍNEA,-22.881241253297528,-50.69537796062324,50324.26,0.0,0.0,,True,0.0
351620,3516200.0,FRANCA,-20.555285909576515,-47.38106245315191,0.0,3525360.0,0.0080332,"Não cumprimento do disposto no art. 14, § 1º, III da Lei nº 14113/2020",False,0.0
351630,3516309.0,FRANCISCO MORATO,-23.27375236316196,-46.72364053928491,0.0,1651390.0,0.0048317,"Não cumprimento do disposto no art. 14, § 1º, III da Lei nº 14113/2020",False,0.0
351640,3516408.0,FRANCO DA ROCHA,-23.314191253867477,-46.73574070778529,0.0,1448490.0,0.0037512,"Não cumprimento do disposto no art. 14, § 1º, III da Lei nº 14113/2020",False,0.0
351650,3516507.0,GABRIEL MONTEIRO,-21.49964769339062,-50.56481120650001,0.0,27630.0,7.41e-05,"Não cumprimento do disposto no art. 14, § 1º, I, II e V da Lei nº 14113/2020",False,0.0
351660,3516606.0,GÁLIA,-22.32043192398995,-49.57775669572244,0.0,0.0,0.0,,False,0.0
351670,3516705.0,GARÇA,-22.230977139767568,-49.689643951908536,2095823.12,0.0,0.0,,True,0.0
351680,3516804.0,GASTÃO VIDIGAL,-20.80425952925069,-50.202647784640725,67099.0,0.0,0.0,,True,0.0
351685,3516853.0,GAVIÃO PEIXOTO,-21.791649631045036,-48.447978432174125,0.0,0.0,0.0,,False,0.0
351690,3516903.0,GENERAL SALGADO,-20.63823577390615,-50.41581289616272,0.0,103120.0,0.0002466,"Não cumprimento do disposto no art. 14, § 1º, I da Lei nº 14113/2020",False,0.0
351700,3517000.0,GETULINA,-21.783229751618112,-50.02794303233269,0.0,102320.0,0.000236,"Não cumprimento do disposto no art. 14, § 1º, I e III da Lei nº 14113/2020",False,0.0
351710,3517109.0,GLICÉRIO,-21.34031081809742,-50.19893668141387,0.0,0.0,0.0,,False,0.0
351720,3517208.0,GUAIÇARA,-21.5695331212232,-49.76269416898296,0.0,0.0,0.0,,False,0.0
351730,3517307.0,GUAIMBÊ,-21.878555972894738,-49.86069560991157,362880.12,0.0,0.0,,True,0.0
351740,3517406.0,GUAÍRA,-20.314061891436584,-48.36412318686215,0.0,0.0,0.0,,False,0.0
351750,3517505.0,GUAPIAÇU,-20.742839523150916,-49.18992688586594,0.0,0.0,0.0,,False,0.0
351760,3517604.0,GUAPIARA,-24.21251797852269,-48.55581661203434,0.0,170710.0,0.0004743,"Não cumprimento do disposto no art. 14, § 1º, I da Lei nº 14113/2020",False,0.0
351770,3517703.0,GUARÁ,-20.482549060156995,-47.77526680209909,0.0,0.0,0.0,,False,0.0
351780,3517802.0,GUARAÇAÍ,-21.0864253620904,-51.279442883268246,329576.55,0.0,0.0,,True,0.0
351800,3518008.0,GUARANI D'OESTE,-20.06690185575789,-50.34469730319461,0.0,19680.0,4.95e-05,,False,0.0
351810,3518107.0,GUARANTÃ,-21.916121508745988,-49.58841995913966,355460.79,0.0,0.0,,True,0.0
351840,3518404.0,GUARATINGUETÁ,-22.793515758861588,-45.23283400059175,0.0,0.0,0.0,,False,0.0
351850,3518503.0,GUAREÍ,-23.37049843338666,-48.21912157952051,0.0,0.0,0.0,,False,0.0
351860,3518602.0,GUARIBA,-21.39590793697782,-48.226460886097385,0.0,374980.0,0.0010132,Não apresentou melhoria em nenhum dos indicadores de atendimento e de melhoria da aprendizagem com redução das desigualdades.,False,0.0
351870,3518701.0,GUARUJÁ,-23.951291093686716,-46.23521521655715,0.0,0.0,0.0,,False,0.0
351880,3518800.0,GUARULHOS,-23.4026907811443,-46.45484853196005,0.0,12917710.0,0.0265649,"Não cumprimento do disposto no art. 14, § 1º, III da Lei nº 14113/2020",False,0.0
351885,3518859.0,GUATAPARÁ,-21.45332326334319,-47.97989150753618,0.0,0.0,0.0,,False,0.0
351890,3518909.0,GUZOLÂNDIA,-20.62853073088625,-50.7135954469529,0.0,0.0,0.0,,False,0.0
351900,3519006.0,HERCULÂNDIA,-21.962360002136844,-50.37320744863673,0.0,0.0,0.0,,False,0.0
351905,3519055.0,HOLAMBRA,-22.63036785411507,-47.0650552712179,0.0,150940.0,0.0003684,"Não cumprimento do disposto no art. 14, § 1º, II da Lei nº 14113/2020",False,0.0
351907,3519071.0,HORTOLÂNDIA,-22.87848818695613,-47.20778417183541,0.0,0.0,0.0,,False,0.0
351925,3519253.0,IARAS,-22.81920947176087,-49.10680541511443,0.0,80100.0,0.00019,"Não cumprimento do disposto no art. 14, § 1º, I, II e III da Lei nº 14113/2020",False,0.0
351930,3519303.0,IBATÉ,-21.95094654979219,-48.02722540047398,0.0,0.0,0.0,,False,0.0
351940,3519402.0,IBIRÁ,-21.07474753253819,-49.22040204728826,0.0,0.0,0.0,,False,0.0
351950,3519501.0,IBIRAREMA,-22.81330479363722,-50.07687775841689,0.0,63850.0,0.0001677,"Não cumprimento do disposto no art. 14, § 1º, I da Lei nº 14113/2020",False,0.0
351960,3519600.0,IBITINGA,-21.79290411216223,-48.847875144559005,0.0,600330.0,0.0013696,"Não cumprimento do disposto no art. 14, § 1º, III da Lei nº 14113/2020",False,0.0
351970,3519709.0,IBIÚNA,-23.80240047032518,-47.21527024968197,0.0,0.0,0.0,,False,0.0
351980,3519808.0,ICÉM,-20.367208376330414,-49.18535892911394,558014.89,0.0,0.0,,True,0.0
351990,3519907.0,IEPÊ,-22.648571955010425,-51.0571628825616,0.0,0.0,0.0,,False,0.0
352000,3520004.0,IGARAÇU DO TIETÊ,-22.54168342889149,-48.57458072185449,648623.7,0.0,0.0,,True,0.0
352010,3520103.0,IGARAPAVA,-20.06367844981845,-47.682431821579904,0.0,262120.0,0.0005857,"Não cumprimento do disposto no art. 14, § 1º, III da Lei nº 14113/2020",False,0.0
352020,3520202.0,IGARATÁ,-23.134845046302495,-46.1503589150578,0.0,0.0,0.0,,False,0.0
352030,3520301.0,IGUAPE,-24.54948917950177,-47.474325953618354,0.0,291150.0,0.000828,"Não cumprimento do disposto no art. 14, § 1º, I da Lei nº 14113/2020",False,0.0
352040,3520400.0,ILHABELA,-23.84851718675476,-45.323260520723125,0.0,349340.0,0.0008682,"Não cumprimento do disposto no art. 14, § 1º, I e III da Lei nº 14113/2020",False,0.0
352044,3520442.0,ILHA SOLTEIRA,-20.43142182377482,-51.25903582703388,0.0,255490.0,0.0005957,"Não cumprimento do disposto no art. 14, § 1º, III da Lei nº 14113/2020",False,0.0
352050,3520509.0,INDAIATUBA,-23.10605260971375,-47.20256669381766,0.0,2557480.0,0.0063655,"Não cumprimento do disposto no art. 14, § 1º, III da Lei nº 14113/2020",False,0.0
352060,3520608.0,INDIANA,-22.133269023983157,-51.262554670698655,0.0,50900.0,0.000125,"Não cumprimento do disposto no art. 14, § 1º, III da Lei nº 14113/2020",False,0.0
352070,3520707.0,INDIAPORÃ,-19.94794572851004,-50.2636583714076,0.0,0.0,0.0,,False,0.0
352080,3520806.0,INÚBIA PAULISTA,-21.739045616929364,-50.95745535886662,0.0,0.0,0.0,,False,0.0
352090,3520905.0,IPAUSSU,-23.0650695949006,-49.608108978959606,0.0,137120.0,0.0003703,"Não cumprimento do disposto no art. 14, § 1º, III da Lei nº 14113/2020",False,0.0
352100,3521002.0,IPERÓ,-23.40445323808085,-47.629179690083056,0.0,0.0,0.0,,False,0.0
352110,3521101.0,IPEÚNA,-22.42389394535469,-47.71607604910632,0.0,0.0,0.0,,False,0.0
352115,3521150.0,IPIGUÁ,-20.64803962839961,-49.40350289003385,0.0,0.0,0.0,,False,0.0
352130,3521309.0,IPUÃ,-20.417543853914346,-48.06649191744776,1101848.17,0.0,0.0,,True,0.0
352140,3521408.0,IRACEMÁPOLIS,-22.59366793047108,-47.52422323850671,0.0,0.0,0.0,,False,0.0
352150,3521507.0,IRAPUÃ,-21.2677194366574,-49.39742733638347,247501.15,0.0,0.0,,True,0.0
352170,3521705.0,ITABERÁ,-23.871349047990563,-49.14246429514535,328137.67,0.0,0.0,,True,0.0
352180,3521804.0,ITAÍ,-23.471448299202702,-49.05417637294303,828437.26,0.0,0.0,,True,0.0
352190,3521903.0,ITAJOBI,-21.35556830945776,-49.05367456744878,0.0,169890.0,0.0004647,"Não cumprimento do disposto no art. 14, § 1º, III da Lei nº 14113/2020",False,0.0
352200,3522000.0,ITAJU,-21.95163947148493,-48.79402943543077,0.0,36180.0,0.000102,"Não cumprimento do disposto no art. 14, § 1º, I, II e V da Lei nº 14113/2020",False,0.0
352210,3522109.0,ITANHAÉM,-24.09227391275,-46.83450158414104,0.0,0.0,0.0,,False,0.0
352220,3522208.0,ITAPECERICA DA SERRA,-23.737248501991893,-46.85890802022683,0.0,1585220.0,0.0043639,"Não cumprimento do disposto no art. 14, § 1º, III da Lei nº 14113/2020",False,0.0
352230,3522307.0,ITAPETININGA,-23.64545924860872,-48.12324890453438,0.0,1577900.0,0.0037522,"Não cumprimento do disposto no art. 14, § 1º, III da Lei nº 14113/2020",False,0.0
352240,3522406.0,ITAPEVA,-23.9140736304,-48.87172310789639,0.0,897280.0,0.0023891,"Não cumprimento do disposto no art. 14, § 1º, III da Lei nº 14113/2020",False,0.0
352250,3522505.0,ITAPEVI,-23.550960348366797,-46.96767841157836,0.0,2322970.0,0.0069549,"Não cumprimento do disposto no art. 14, § 1º, III da Lei nº 14113/2020",False,0.0
352260,3522604.0,ITAPIRA,-22.431919013024636,-46.772094861237385,0.0,720220.0,0.0015864,"Não cumprimento do disposto no art. 14, § 1º, III da Lei nº 14113/2020",False,0.0
352265,3522653.0,ITAPIRAPUÃ PAULISTA,-24.569036863435784,-49.222970730028266,308456.49,0.0,0.0,,True,0.0
352270,3522703.0,ITÁPOLIS,-21.54811747792739,-48.81543859440193,0.0,0.0,0.0,,False,0.0
352280,3522802.0,ITAPORANGA,-23.672909644513396,-49.45849103453046,0.0,140850.0,0.0003827,"Não cumprimento do disposto no art. 14, § 1º, I e III da Lei nº 14113/2020",False,0.0
352290,3522901.0,ITAPUÍ,-22.250835101287898,-48.70136047154007,0.0,0.0,0.0,,False,0.0
352320,3523206.0,ITARARÉ,-24.080528626357506,-49.30353203073716,0.0,0.0,0.0,,False,0.0
352330,3523305.0,ITARIRI,-24.292619279537867,-47.128052690436384,0.0,155280.0,0.0004326,"Não cumprimento do disposto no art. 14, § 1º, III da Lei nº 14113/2020",False,0.0
352340,3523404.0,ITATIBA,-23.006653288287374,-46.81434363161433,0.0,1215900.0,0.0029675,"Não cumprimento do disposto no art. 14, § 1º, III da Lei nº 14113/2020",False,0.0
352360,3523602.0,ITIRAPINA,-22.29455888259015,-47.83404685458375,0.0,161480.0,0.0004702,"Não cumprimento do disposto no art. 14, § 1º, III da Lei nº 14113/2020",False,0.0
352370,3523701.0,ITIRAPUÃ,-20.65759982203373,-47.16937128851655,0.0,0.0,0.0,,False,0.0
352380,3523800.0,ITOBI,-21.749100508718865,-46.92198287207815,0.0,80460.0,6.43e-05,"Não cumprimento do disposto no art. 14, § 1º, I da Lei nº 14113/2020",False,0.0
352400,3524006.0,ITUPEVA,-23.14652030922569,-47.06844870807775,0.0,706160.0,0.0016905,"Não cumprimento do disposto no art. 14, § 1º, III da Lei nº 14113/2020",False,0.0
352430,3524303.0,JABOTICABAL,-21.218344614910883,-48.28792826364892,0.0,718210.0,0.0016471,"Não cumprimento do disposto no art. 14, § 1º, III da Lei nº 14113/2020",False,0.0
352440,3524402.0,JACAREÍ,-23.29889331640321,-45.9905688878427,0.0,0.0,0.0,,False,0.0
352460,3524600.0,JACUPIRANGA,-24.77729097335556,-48.05384154438075,0.0,160970.0,0.0004282,"Não cumprimento do disposto no art. 14, § 1º, III da Lei nº 14113/2020",False,0.0
352470,3524709.0,JAGUARIÚNA,-22.691984057242816,-47.01273061768561,0.0,0.0,0.0,,False,0.0
352480,3524808.0,JALES,-20.28578496923909,-50.55412264371874,0.0,487760.0,0.0012213,"Não cumprimento do disposto no art. 14, § 1º, III da Lei nº 14113/2020",False,0.0
352490,3524907.0,JAMBEIRO,-23.279333045425464,-45.71067561311086,0.0,63970.0,0.0001847,"Não cumprimento do disposto no art. 14, § 1º, I da Lei nº 14113/2020",False,0.0
352500,3525003.0,JANDIRA,-23.54412707908971,-46.8997346559568,0.0,1180450.0,0.0025972,"Não cumprimento do disposto no art. 14, § 1º, III da Lei nº 14113/2020",False,0.0
352510,3525102.0,JARDINÓPOLIS,-20.99198936320489,-47.826055423124245,0.0,0.0,0.0,,False,0.0
352520,3525201.0,JARINU,-23.11196280219104,-46.72136358271149,0.0,375350.0,0.0010771,"Não cumprimento do disposto no art. 14, § 1º, III da Lei nº 14113/2020",False,0.0
352530,3525300.0,JAÚ,-22.29603162222188,-48.5559615871237,0.0,0.0,0.0,,False,0.0
352550,3525508.0,JOANÓPOLIS,-22.93884008975687,-46.20924035722153,0.0,0.0,0.0,,False,0.0
352560,3525607.0,JOÃO RAMALHO,-22.277962633239547,-50.79913115096374,0.0,0.0,0.0,,False,0.0
352570,3525706.0,JOSÉ BONIFÁCIO,-21.089465415657216,-49.779425546416256,0.0,0.0,0.0,,False,0.0
352580,3525805.0,JÚLIO MESQUITA,-21.97296574376482,-49.79330363262648,0.0,0.0,0.0,,False,0.0
352585,3525854.0,JUMIRIM,-23.09954114605264,-47.78806406155879,0.0,30560.0,7.99e-05,"Não cumprimento do disposto no art. 14, § 1º, I e III da Lei nº 14113/2020",False,0.0
352590,3525904.0,JUNDIAÍ,-23.194643129077267,-46.9130187226079,0.0,0.0,0.0,,False,0.0
352600,3526001.0,JUNQUEIRÓPOLIS,-21.44895512749716,-51.43502506399432,1216000.62,0.0,0.0,,True,0.0
352610,3526100.0,JUQUIÁ,-24.213603263535703,-47.65225755288312,1164865.2,0.0,0.0,,True,0.0
352620,3526209.0,JUQUITIBA,-23.95516625730165,-47.02463937319118,0.0,274040.0,0.0006941,"Não cumprimento do disposto no art. 14, § 1º, III da Lei nº 14113/2020",False,0.0
352630,3526308.0,LAGOINHA,-23.085783478605048,-45.20680955157563,0.0,50830.0,0.0001332,"Não cumprimento do disposto no art. 14, § 1º, I da Lei nº 14113/2020",False,0.0
352640,3526407.0,LARANJAL PAULISTA,-23.012212685005185,-47.865669287326114,0.0,262610.0,0.0007135,"Não cumprimento do disposto no art. 14, § 1º, III da Lei nº 14113/2020",False,0.0
352650,3526506.0,LAVÍNIA,-21.150789650301597,-51.03262608194039,0.0,0.0,0.0,,False,0.0
352660,3526605.0,LAVRINHAS,-22.520275496722363,-44.88883402457312,0.0,71710.0,0.0001821,"Não cumprimento do disposto no art. 14, § 1º, I e V da Lei nº 14113/2020",False,0.0
352670,3526704.0,LEME,-22.17213754520668,-47.337578741183584,0.0,981610.0,0.0025715,"Não cumprimento do disposto no art. 14, § 1º, I e III da Lei nº 14113/2020",False,0.0
352680,3526803.0,LENÇÓIS PAULISTA,-22.67613949766241,-48.82500642197547,0.0,0.0,0.0,,False,0.0
352690,3526902.0,LIMEIRA,-22.598445722373743,-47.36362607408785,0.0,2918690.0,0.0073064,"Não cumprimento do disposto no art. 14, § 1º, III da Lei nº 14113/2020",False,0.0
352700,3527009.0,LINDÓIA,-22.5134564514766,-46.654867528519866,0.0,0.0,0.0,,False,0.0
352710,3527108.0,LINS,-21.64976052442817,-49.68287517328753,0.0,747790.0,0.0017033,"Não cumprimento do disposto no art. 14, § 1º, III da Lei nº 14113/2020",False,0.0
352720,3527207.0,LORENA,-22.79394270763966,-45.06004569691484,0.0,848550.0,0.0019442,"Não cumprimento do disposto no art. 14, § 1º, III da Lei nº 14113/2020",False,0.0
352725,3527256.0,LOURDES,-20.94917247382566,-50.23409352610224,0.0,19500.0,5.83e-05,"Não cumprimento do disposto no art. 14, § 1º, I da Lei nº 14113/2020",False,0.0
352730,3527306.0,LOUVEIRA,-23.084033142957335,-46.93761030678429,0.0,518470.0,0.0013936,"Não cumprimento do disposto no art. 14, § 1º, III da Lei nº 14113/2020",False,0.0
352740,3527405.0,LUCÉLIA,-21.644164726769297,-50.99165931670613,597563.71,0.0,0.0,,True,0.0
352750,3527504.0,LUCIANÓPOLIS,-22.473393085900213,-49.5503025337106,0.0,0.0,0.0,,False,0.0
352760,3527603.0,LUÍS ANTÔNIO,-21.552706496518283,-47.78186066856535,0.0,0.0,0.0,,False,0.0
352770,3527702.0,LUIZIÂNIA,-21.67262585912593,-50.35086283677664,0.0,0.0,0.0,,False,0.0
352780,3527801.0,LUPÉRCIO,-22.42716115588217,-49.81697103204716,271842.29,0.0,0.0,,True,0.0
352790,3527900.0,LUTÉCIA,-22.32533377061837,-50.38548899116891,95645.51,0.0,0.0,,True,0.0
352800,3528007.0,MACATUBA,-22.487155869556105,-48.71935915243708,0.0,168290.0,0.0004389,"Não cumprimento do disposto no art. 14, § 1º, III da Lei nº 14113/2020",False,0.0
352810,3528106.0,MACAUBAL,-20.837887142896264,-49.97498456853069,0.0,74810.0,0.0002106,"Não cumprimento do disposto no art. 14, § 1º, I e III da Lei nº 14113/2020",False,0.0
352820,3528205.0,MACEDÔNIA,-20.098126516280495,-50.181533097731176,0.0,0.0,0.0,,False,0.0
352830,3528304.0,MAGDA,-20.596553845531453,-50.23008744813629,0.0,31650.0,9.89e-05,"Não cumprimento do disposto no art. 14, § 1º, III da Lei nº 14113/2020",False,0.0
352840,3528403.0,MAIRINQUE,-23.50800549097648,-47.22929659038523,0.0,500270.0,0.0012267,"Não cumprimento do disposto no art. 14, § 1º, I, II e V da Lei nº 14113/2020",False,0.0
352850,3528502.0,MAIRIPORÃ,-23.317262675545283,-46.56125540663123,0.0,0.0,0.0,,False,0.0
352860,3528601.0,MANDURI,-23.047090912768464,-49.30362682342072,0.0,98710.0,0.0002538,"Não cumprimento do disposto no art. 14, § 1º, I da Lei nº 14113/2020",False,0.0
352870,3528700.0,MARABÁ PAULISTA,-22.127699095295537,-52.05656079863769,0.0,0.0,0.0,,False,0.0
352880,3528809.0,MARACAÍ,-22.652245970460424,-50.74534515806868,0.0,0.0,0.0,,False,0.0
352885,3528858.0,MARAPOAMA,-21.25552925649736,-49.13780512438967,0.0,32920.0,0.0001,"Não cumprimento do disposto no art. 14, § 1º, I da Lei nº 14113/2020",False,0.0
352890,3528908.0,MARIÁPOLIS,-21.779143094191458,-51.17179692994142,191015.46,0.0,0.0,,True,0.0
352900,3529005.0,MARÍLIA,-22.17775761529224,-49.98307423544372,0.0,0.0,0.0,,False,0.0
352910,3529104.0,MARINÓPOLIS,-20.479870117537477,-50.83232091391126,0.0,0.0,0.0,,False,0.0
352920,3529203.0,MARTINÓPOLIS,-22.17238522085649,-51.12341770909152,0.0,0.0,0.0,,False,0.0
352930,3529302.0,MATÃO,-21.61010709018864,-48.43015720060933,0.0,0.0,0.0,,False,0.0
352940,3529401.0,MAUÁ,-23.66616594959732,-46.44632553982503,0.0,0.0,0.0,,False,0.0
352950,3529500.0,MENDONÇA,-21.194058652142843,-49.57030811783375,0.0,0.0,0.0,,False,0.0
352960,3529609.0,MERIDIANO,-20.39820531544463,-50.1866333711225,0.0,45720.0,0.0001185,"Não cumprimento do disposto no art. 14, § 1º, I e III da Lei nº 14113/2020",False,0.0
352965,3529658.0,MESÓPOLIS,-19.95750781574727,-50.61545147246666,0.0,0.0,0.0,,False,0.0
352970,3529708.0,MIGUELÓPOLIS,-20.18468768013045,-48.10540559559874,0.0,0.0,0.0,,False,0.0
352980,3529807.0,MINEIROS DO TIETÊ,-22.46324232996795,-48.433242787984334,0.0,0.0,0.0,,False,0.0
352990,3529906.0,MIRACATU,-24.195052541396272,-47.39464898965537,0.0,185530.0,0.000617,"Não cumprimento do disposto no art. 14, § 1º, III da Lei nº 14113/2020",False,0.0
353000,3530003.0,MIRA ESTRELA,-19.951848966032724,-50.1243023262891,0.0,31260.0,8.99e-05,"Não cumprimento do disposto no art. 14, § 1º, I da Lei nº 14113/2020",False,0.0
353010,3530102.0,MIRANDÓPOLIS,-21.08109964478124,-51.130563837229815,0.0,0.0,0.0,,False,0.0
353020,3530201.0,MIRANTE DO PARANAPANEMA,-22.3492413639436,-51.99796952869839,0.0,159170.0,0.000357,"Não cumprimento do disposto no art. 14, § 1º, III da Lei nº 14113/2020",False,0.0
350050,3500501.0,ÁGUAS DE LINDÓIA,-22.47474889466562,-46.60369379727587,1312285.63,0.0,0.0,,True,0.0
353040,3530409.0,MIRASSOLÂNDIA,-20.59494421163588,-49.48696550318806,344629.34,0.0,0.0,,True,0.0
353050,3530508.0,MOCOCA,-21.449557068968787,-47.0328744139068,0.0,676810.0,0.0014339,"Não cumprimento do disposto no art. 14, § 1º, III da Lei nº 14113/2020",False,0.0
353060,3530607.0,MOGI DAS CRUZES,-23.569592680577056,-46.18606608047926,0.0,4515050.0,0.0117325,"Não cumprimento do disposto no art. 14, § 1º, III da Lei nº 14113/2020",False,0.0
353070,3530706.0,MOGI GUAÇU,-22.23209468406837,-47.02894137985917,0.0,0.0,0.0,,False,0.0
353080,3530805.0,MOGI MIRIM,-22.45132489917724,-46.9883775738103,0.0,925580.0,0.0020967,"Não cumprimento do disposto no art. 14, § 1º, III da Lei nº 14113/2020",False,0.0
353090,3530904.0,MOMBUCA,-22.942703748428883,-47.60207253865615,0.0,37220.0,0.0001187,"Não cumprimento do disposto no art. 14, § 1º, I, II e V da Lei nº 14113/2020",False,0.0
353100,3531001.0,MONÇÕES,-20.86308215559625,-50.07945600980155,0.0,0.0,0.0,,False,0.0
353110,3531100.0,MONGAGUÁ,-24.07028857942394,-46.66805271036747,0.0,0.0,0.0,,False,0.0
353120,3531209.0,MONTE ALEGRE DO SUL,-22.70430412261777,-46.66765379848705,0.0,86270.0,0.0002064,"Não cumprimento do disposto no art. 14, § 1º, III da Lei nº 14113/2020",False,0.0
355480,3554805.0,TREMEMBÉ,-22.94086013632125,-45.60419228658542,0.0,0.0,0.0,,False,0.0
353140,3531407.0,MONTE APRAZÍVEL,-20.73760434517618,-49.76584248132824,709815.84,0.0,0.0,,True,0.0
353150,3531506.0,MONTE AZUL PAULISTA,-20.908885795190717,-48.681283158844046,0.0,181510.0,0.0003732,"Não cumprimento do disposto no art. 14, § 1º, III da Lei nº 14113/2020",False,0.0
350180,3501806.0,AMÉRICO DE CAMPOS,-20.28948148516285,-49.76806216341754,452110.03,0.0,0.0,,True,0.0
353170,3531704.0,MONTEIRO LOBATO,-22.93651487596844,-45.80425881161303,0.0,41380.0,0.0001203,"Não cumprimento do disposto no art. 14, § 1º, III da Lei nº 14113/2020",False,0.0
353180,3531803.0,MONTE MOR,-22.953233770143232,-47.30739652545498,0.0,646620.0,0.0016772,"Não cumprimento do disposto no art. 14, § 1º, III da Lei nº 14113/2020",False,0.0
353190,3531902.0,MORRO AGUDO,-20.688749007595604,-48.15331125566452,0.0,279330.0,0.0007151,"Não cumprimento do disposto no art. 14, § 1º, III da Lei nº 14113/2020",False,0.0
353200,3532009.0,MORUNGABA,-22.89387021509029,-46.782645227546375,0.0,137200.0,0.0003124,"Não cumprimento do disposto no art. 14, § 1º, III da Lei nº 14113/2020",False,0.0
353205,3532058.0,MOTUCA,-21.51373398980896,-48.17036124679844,0.0,40340.0,0.0001132,"Não cumprimento do disposto no art. 14, § 1º, I e III da Lei nº 14113/2020",False,0.0
353210,3532108.0,MURUTINGA DO SUL,-20.99681512225263,-51.30139142798858,0.0,37370.0,0.0001273,"Não cumprimento do disposto no art. 14, § 1º, III da Lei nº 14113/2020",False,0.0
353215,3532157.0,NANTES,-22.59687473998377,-51.20088490116715,0.0,26600.0,5.92e-05,"Não cumprimento do disposto no art. 14, § 1º, III e V da Lei nº 14113/2020",False,0.0
353220,3532207.0,NARANDIBA,-22.563710887121918,-51.52168524632137,0.0,57130.0,0.0001769,"Não cumprimento do disposto no art. 14, § 1º, III da Lei nº 14113/2020",False,0.0
353230,3532306.0,NATIVIDADE DA SERRA,-23.4151479990618,-45.38153997268653,0.0,69990.0,0.0001721,"Não cumprimento do disposto no art. 14, § 1º, I, II e III da Lei nº 14113/2020",False,0.0
353240,3532405.0,NAZARÉ PAULISTA,-23.191415786995574,-46.36649353679522,0.0,0.0,0.0,,False,0.0
353250,3532504.0,NEVES PAULISTA,-20.870476722140666,-49.64647467674453,0.0,96990.0,0.0002117,"Não cumprimento do disposto no art. 14, § 1º, I da Lei nº 14113/2020",False,0.0
355620,3556206.0,VALINHOS,-22.975070778585128,-46.98133580344654,0.0,1263730.0,0.0027703,"Não cumprimento do disposto no art. 14, § 1º, III da Lei nº 14113/2020",False,0.0
353270,3532702.0,NIPOÃ,-20.891663393174777,-49.77833092012847,182462.2,0.0,0.0,,True,0.0
353280,3532801.0,NOVA ALIANÇA,-21.062588242037936,-49.51588733136902,0.0,0.0,0.0,,False,0.0
355610,3556107.0,VALENTIM GENTIL,-20.42057618206625,-50.1017573665461,0.0,140980.0,0.0004115,"Não cumprimento do disposto no art. 14, § 1º, I da Lei nº 14113/2020",False,0.0
353284,3532843.0,NOVA CANAÃ PAULISTA,-20.372034429335365,-50.91050062276336,0.0,0.0,0.0,,False,0.0
353286,3532868.0,NOVA CASTILHO,-20.77787854426601,-50.34579503212738,0.0,10620.0,2.8e-05,"Não cumprimento do disposto no art. 14, § 1º, I da Lei nº 14113/2020",False,0.0
353290,3532900.0,NOVA EUROPA,-21.77429316867239,-48.54963719073677,0.0,93110.0,0.0002412,"Não cumprimento do disposto no art. 14, § 1º, III da Lei nº 14113/2020",False,0.0
353300,3533007.0,NOVA GRANADA,-20.47600892094697,-49.33112877115045,0.0,194190.0,0.0005035,"Não cumprimento do disposto no art. 14, § 1º, I e III da Lei nº 14113/2020",False,0.0
353310,3533106.0,NOVA GUATAPORANGA,-21.3224267538889,-51.64555503943826,0.0,21560.0,7.33e-05,"Não cumprimento do disposto no art. 14, § 1º, I, II e V da Lei nº 14113/2020",False,0.0
353320,3533205.0,NOVA INDEPENDÊNCIA,-21.135334307468984,-51.50516763092688,0.0,0.0,0.0,,False,0.0
353325,3533254.0,NOVAIS,-20.98856729145338,-48.91803278090743,0.0,44120.0,0.0001355,"Não cumprimento do disposto no art. 14, § 1º, III da Lei nº 14113/2020",False,0.0
353330,3533304.0,NOVA LUZITÂNIA,-20.86866965646657,-50.249256007986574,90642.51,0.0,0.0,,True,0.0
353340,3533403.0,NOVA ODESSA,-22.78413124879324,-47.28515204615263,0.0,620190.0,0.0015015,"Não cumprimento do disposto no art. 14, § 1º, III da Lei nº 14113/2020",False,0.0
353350,3533502.0,NOVO HORIZONTE,-21.46922925167246,-49.283832559433925,0.0,383240.0,0.001025,"Não cumprimento do disposto no art. 14, § 1º, I e III da Lei nº 14113/2020",False,0.0
353360,3533601.0,NUPORANGA,-20.704707905043986,-47.72906929421976,0.0,73910.0,0.0001973,"Não cumprimento do disposto no art. 14, § 1º, III da Lei nº 14113/2020",False,0.0
353370,3533700.0,OCAUÇU,-22.4380960902599,-49.93793032631565,0.0,0.0,0.0,,False,0.0
353380,3533809.0,ÓLEO,-22.953670271205823,-49.38306915552185,74750.65,0.0,0.0,,True,0.0
353390,3533908.0,OLÍMPIA,-20.70527819762836,-48.9595765861632,0.0,0.0,0.0,,False,0.0
350030,3500303.0,AGUAÍ,-22.049938973287503,-47.04032731757769,0.0,0.0,0.0,,False,0.0
353410,3534104.0,ORIENTE,-22.14209583298872,-50.09381880080326,0.0,60850.0,0.0001549,"Não cumprimento do disposto no art. 14, § 1º, I da Lei nº 14113/2020",False,0.0
353420,3534203.0,ORINDIÚVA,-20.201577223326296,-49.35552455553141,610252.19,0.0,0.0,,True,0.0
353430,3534302.0,ORLÂNDIA,-20.69791128505317,-47.905834230294445,0.0,0.0,0.0,,False,0.0
353440,3534401.0,OSASCO,-23.5286739191607,-46.78922119583734,0.0,7286150.0,0.0170467,"Não cumprimento do disposto no art. 14, § 1º, I e III da Lei nº 14113/2020",False,0.0
353450,3534500.0,OSCAR BRESSANE,-22.29533367540894,-50.25729060974541,0.0,24700.0,7.24e-05,"Não cumprimento do disposto no art. 14, § 1º, III da Lei nº 14113/2020",False,0.0
353460,3534609.0,OSVALDO CRUZ,-21.73262969037224,-50.87387213157818,0.0,312720.0,0.0006779,"Não cumprimento do disposto no art. 14, § 1º, III da Lei nº 14113/2020",False,0.0
353470,3534708.0,OURINHOS,-22.952696666059133,-49.85244436442093,0.0,1039700.0,0.00246,"Não cumprimento do disposto no art. 14, § 1º, III da Lei nº 14113/2020",False,0.0
353475,3534757.0,OUROESTE,-19.922396526735223,-50.401976204251866,0.0,102940.0,0.0002737,"Não cumprimento do disposto no art. 14, § 1º, I e III da Lei nº 14113/2020",False,0.0
350060,3500600.0,ÁGUAS DE SÃO PEDRO,-22.59874227648319,-47.87591442307121,0.0,0.0,0.0,,False,0.0
353490,3534906.0,PACAEMBU,-21.49549920115601,-51.274164384351394,0.0,148770.0,0.000317,"Não cumprimento do disposto no art. 14, § 1º, III da Lei nº 14113/2020",False,0.0
350070,3500709.0,AGUDOS,-22.571928008381704,-49.1087231367571,0.0,376800.0,0.0009134,"Não cumprimento do disposto no art. 14, § 1º, III da Lei nº 14113/2020",False,0.0
350075,3500758.0,ALAMBARI,-23.54895225701608,-47.86911194551932,0.0,61410.0,0.0001508,"Não cumprimento do disposto no art. 14, § 1º, III da Lei nº 14113/2020",False,0.0
350080,3500808.0,ALFREDO MARCONDES,-21.93496842934411,-51.395636176705445,0.0,44450.0,3.57e-05,"Não cumprimento do disposto no art. 14, § 1º, I e V da Lei nº 14113/2020",False,0.0
350100,3501004.0,ALTINÓPOLIS,-21.018060371690908,-47.38615688592323,557677.21,0.0,0.0,,True,0.0
353540,3535408.0,PANORAMA,-21.463291946652,-51.85806404904628,0.0,149640.0,0.0004714,"Não cumprimento do disposto no art. 14, § 1º, III da Lei nº 14113/2020",False,0.0
353550,3535507.0,PARAGUAÇU PAULISTA,-22.459024065420515,-50.626569322209065,0.0,0.0,0.0,,False,0.0
353560,3535606.0,PARAIBUNA,-23.47839820781424,-45.64187688560191,0.0,176670.0,0.0004684,"Não cumprimento do disposto no art. 14, § 1º, I, II e V da Lei nº 14113/2020",False,0.0
353570,3535705.0,PARAÍSO,-21.01965644284133,-48.76457955605093,0.0,0.0,0.0,,False,0.0
353580,3535804.0,PARANAPANEMA,-23.43852183288085,-48.79518791905623,0.0,193950.0,0.0004948,Não apresentou melhoria em nenhum dos indicadores de atendimento e de melhoria da aprendizagem com redução das desigualdades.,False,0.0
353590,3535903.0,PARANAPUÃ,-20.06373157739834,-50.593930059509766,0.0,0.0,0.0,,False,0.0
353600,3536000.0,PARAPUÃ,-21.853003160295337,-50.82175720035425,0.0,0.0,0.0,,False,0.0
353610,3536109.0,PARDINHO,-23.102138002814204,-48.40181769681829,0.0,71530.0,0.0001951,"Não cumprimento do disposto no art. 14, § 1º, III da Lei nº 14113/2020",False,0.0
353620,3536208.0,PARIQUERA-AÇU,-24.67830762209486,-47.85006021740456,512071.34,0.0,0.0,,True,0.0
350110,3501103.0,ALTO ALEGRE,-21.61258817883015,-50.19211288982462,0.0,38410.0,0.0001093,"Não cumprimento do disposto no art. 14, § 1º, I da Lei nº 14113/2020",False,0.0
353630,3536307.0,PATROCÍNIO PAULISTA,-20.70417053710746,-47.28942302731178,0.0,0.0,0.0,,False,0.0
353640,3536406.0,PAULICÉIA,-21.19836586531549,-51.79074119298263,0.0,0.0,0.0,,False,0.0
353650,3536505.0,PAULÍNIA,-22.74841653184846,-47.14507897665051,0.0,0.0,0.0,,False,0.0
353657,3536570.0,PAULISTÂNIA,-22.56836865476105,-49.30552517402288,0.0,0.0,0.0,,False,0.0
353660,3536604.0,PAULO DE FARIA,-20.066609363444947,-49.46337450257371,0.0,74000.0,0.0001868,"Não cumprimento do disposto no art. 14, § 1º, III da Lei nº 14113/2020",False,0.0
353670,3536703.0,PEDERNEIRAS,-22.301311165541485,-48.86109194216553,0.0,448270.0,0.0011091,"Não cumprimento do disposto no art. 14, § 1º, III da Lei nº 14113/2020",False,0.0
353680,3536802.0,PEDRA BELA,-22.77580338118289,-46.441789167060925,0.0,65570.0,0.0001623,"Não cumprimento do disposto no art. 14, § 1º, I e III da Lei nº 14113/2020",False,0.0
353690,3536901.0,PEDRANÓPOLIS,-20.210159620647463,-50.10695754758984,0.0,0.0,0.0,,False,0.0
350115,3501152.0,ALUMÍNIO,-23.533031444006863,-47.281221363660144,0.0,0.0,0.0,,False,0.0
353710,3537107.0,PEDREIRA,-22.75473905377795,-46.88846839528141,0.0,431120.0,0.0012865,"Não cumprimento do disposto no art. 14, § 1º, III da Lei nº 14113/2020",False,0.0
350120,3501202.0,ÁLVARES FLORENCE,-20.28948209853376,-49.92023074646027,0.0,0.0,0.0,,False,0.0
353720,3537206.0,PEDRO DE TOLEDO,-24.163707951229163,-47.16349760502478,0.0,112810.0,0.0002967,"Não cumprimento do disposto no art. 14, § 1º, III da Lei nº 14113/2020",False,0.0
353730,3537305.0,PENÁPOLIS,-21.40539973813939,-50.09571778001925,3234842.01,0.0,0.0,,True,0.0
350130,3501301.0,ÁLVARES MACHADO,-22.131322323781475,-51.51474511587436,1072906.37,0.0,0.0,,True,0.0
353750,3537503.0,PEREIRAS,-23.12045305661356,-47.97886827681257,0.0,87370.0,0.0002312,"Não cumprimento do disposto no art. 14, § 1º, III e V da Lei nº 14113/2020",False,0.0
353760,3537602.0,PERUÍBE,-24.279361607412344,-47.01295081606948,0.0,0.0,0.0,,False,0.0
353770,3537701.0,PIACATU,-21.57140318310629,-50.64350995606645,0.0,55190.0,0.0001429,"Não cumprimento do disposto no art. 14, § 1º, I da Lei nº 14113/2020",False,0.0
353780,3537800.0,PIEDADE,-23.78694045310226,-47.43811159683531,0.0,529700.0,0.0014488,"Não cumprimento do disposto no art. 14, § 1º, III da Lei nº 14113/2020",False,0.0
353790,3537909.0,PILAR DO SUL,-23.856415758677517,-47.7281022049909,0.0,276190.0,0.0007405,"Não cumprimento do disposto no art. 14, § 1º, III da Lei nº 14113/2020",False,0.0
353800,3538006.0,PINDAMONHANGABA,-22.87999951735153,-45.45924410691983,0.0,1654280.0,0.0043304,"Não cumprimento do disposto no art. 14, § 1º, III da Lei nº 14113/2020",False,0.0
353810,3538105.0,PINDORAMA,-21.20973190662867,-48.91158943650312,0.0,145420.0,0.0003504,"Não cumprimento do disposto no art. 14, § 1º, III da Lei nº 14113/2020",False,0.0
353820,3538204.0,PINHALZINHO,-22.778803309935803,-46.57340933990805,0.0,152240.0,0.0004058,"Não cumprimento do disposto no art. 14, § 1º, I e III da Lei nº 14113/2020",False,0.0
353830,3538303.0,PIQUEROBI,-21.852614915783672,-51.73155080160561,0.0,32640.0,9.69e-05,"Não cumprimento do disposto no art. 14, § 1º, I e III da Lei nº 14113/2020",False,0.0
350140,3501400.0,ÁLVARO DE CARVALHO,-22.086627046985377,-49.73395277911478,0.0,0.0,0.0,,False,0.0
353860,3538600.0,PIRACAIA,-23.04690729306139,-46.302348891325664,0.0,260290.0,0.0006814,"Não cumprimento do disposto no art. 14, § 1º, I, II e III da Lei nº 14113/2020",False,0.0
353870,3538709.0,PIRACICABA,-22.726438279906464,-47.78399285347395,0.0,4233230.0,0.009623,"Não cumprimento do disposto no art. 14, § 1º, III da Lei nº 14113/2020",False,0.0
353880,3538808.0,PIRAJU,-23.18688466205102,-49.366138874436736,0.0,294360.0,0.0008153,Não apresentou melhoria em nenhum dos indicadores de atendimento e de melhoria da aprendizagem com redução das desigualdades.,False,0.0
353890,3538907.0,PIRAJUÍ,-21.95755992755937,-49.41355607109536,537086.32,0.0,0.0,,True,0.0
350150,3501509.0,ALVINLÂNDIA,-22.45257485570034,-49.75860250429558,227603.75,0.0,0.0,,True,0.0
350160,3501608.0,AMERICANA,-22.72335232783772,-47.28910643340683,0.0,2372400.0,0.0045766,"Não cumprimento do disposto no art. 14, § 1º, III da Lei nº 14113/2020",False,0.0
350170,3501707.0,AMÉRICO BRASILIENSE,-21.72219598862144,-48.03218760452506,0.0,0.0,0.0,,False,0.0
353930,3539301.0,PIRASSUNUNGA,-21.9959623968824,-47.389993525025545,0.0,735450.0,0.0016042,"Não cumprimento do disposto no art. 14, § 1º, III da Lei nº 14113/2020",False,0.0
353940,3539400.0,PIRATININGA,-22.42493627508356,-49.1917715879782,0.0,151080.0,0.000337,"Não cumprimento do disposto no art. 14, § 1º, III da Lei nº 14113/2020",False,0.0
353950,3539509.0,PITANGUEIRAS,-21.00614461273936,-48.24945679517105,0.0,336740.0,0.0009296,Não apresentou melhoria em nenhum dos indicadores de atendimento e de melhoria da aprendizagem com redução das desigualdades.,False,0.0
353960,3539608.0,PLANALTO,-21.00122200363137,-49.935944717177655,0.0,43890.0,0.0001215,"Não cumprimento do disposto no art. 14, § 1º, I e III da Lei nº 14113/2020",False,0.0
355730,3557303.0,ESTIVA GERBI,-22.236012492207163,-46.94315231505268,0.0,112950.0,0.0002296,"Não cumprimento do disposto no art. 14, § 1º, III da Lei nº 14113/2020",False,0.0
353980,3539806.0,POÁ,-23.530471594383528,-46.346737422710056,0.0,0.0,0.0,,False,0.0
353990,3539905.0,POLONI,-20.75239478196438,-49.81993360710118,0.0,55920.0,4.46e-05,"Não cumprimento do disposto no art. 14, § 1º, I da Lei nº 14113/2020",False,0.0
354000,3540002.0,POMPÉIA,-22.029107386607688,-50.187728246763925,1136703.24,0.0,0.0,,True,0.0
354010,3540101.0,PONGAÍ,-21.730203266343167,-49.35895128818649,0.0,0.0,0.0,,False,0.0
354020,3540200.0,PONTAL,-20.98454146566367,-48.06445206798548,0.0,376070.0,0.0009795,"Não cumprimento do disposto no art. 14, § 1º, III da Lei nº 14113/2020",False,0.0
354025,3540259.0,PONTALINDA,-20.45068818101213,-50.52507398058772,0.0,41270.0,0.0001106,"Não cumprimento do disposto no art. 14, § 1º, III da Lei nº 14113/2020",False,0.0
350190,3501905.0,AMPARO,-22.69912338182061,-46.79870670073157,0.0,680080.0,0.0014728,"Não cumprimento do disposto no art. 14, § 1º, III da Lei nº 14113/2020",False,0.0
354040,3540408.0,POPULINA,-19.90733579795068,-50.51735158281855,0.0,41270.0,0.0001004,"Não cumprimento do disposto no art. 14, § 1º, I e III da Lei nº 14113/2020",False,0.0
354050,3540507.0,PORANGABA,-23.173861059953392,-48.11736196130767,0.0,104510.0,0.0002463,"Não cumprimento do disposto no art. 14, § 1º, III da Lei nº 14113/2020",False,0.0
354060,3540606.0,PORTO FELIZ,-23.23034180575249,-47.51688832671403,0.0,564970.0,0.001417,"Não cumprimento do disposto no art. 14, § 1º, III da Lei nº 14113/2020",False,0.0
354070,3540705.0,PORTO FERREIRA,-21.842603510340957,-47.44725747291351,0.0,526490.0,0.0012162,"Não cumprimento do disposto no art. 14, § 1º, II da Lei nº 14113/2020",False,0.0
354075,3540754.0,POTIM,-22.82516985374454,-45.30342178237103,0.0,203920.0,0.0004749,"Não cumprimento do disposto no art. 14, § 1º, I, II e III da Lei nº 14113/2020",False,0.0
354080,3540804.0,POTIRENDABA,-21.07549277409744,-49.39171007131392,0.0,184960.0,0.0004303,"Não cumprimento do disposto no art. 14, § 1º, III da Lei nº 14113/2020",False,0.0
354085,3540853.0,PRACINHA,-21.83764496363168,-51.07529674186899,0.0,25780.0,6.88e-05,"Não cumprimento do disposto no art. 14, § 1º, I da Lei nº 14113/2020",False,0.0
354090,3540903.0,PRADÓPOLIS,-21.344368418936305,-48.086054409998816,804893.75,0.0,0.0,,True,0.0
354100,3541000.0,PRAIA GRANDE,-24.01581134143028,-46.52267266868019,0.0,3499350.0,0.0082846,"Não cumprimento do disposto no art. 14, § 1º, III da Lei nº 14113/2020",False,0.0
354105,3541059.0,PRATÂNIA,-22.81853598063756,-48.69684435953328,0.0,0.0,0.0,,False,0.0
354110,3541109.0,PRESIDENTE ALVES,-22.12219963121142,-49.43184604785717,0.0,38040.0,3.01e-05,"Não cumprimento do disposto no art. 14, § 1º, I da Lei nº 14113/2020",False,0.0
354120,3541208.0,PRESIDENTE BERNARDES,-22.107278970315956,-51.620278458973566,0.0,144900.0,0.0003237,"Não cumprimento do disposto no art. 14, § 1º, I da Lei nº 14113/2020",False,0.0
354130,3541307.0,PRESIDENTE EPITÁCIO,-21.91059073482823,-52.17482354137227,902950.88,0.0,0.0,,True,0.0
354140,3541406.0,PRESIDENTE PRUDENTE,-21.99322053383726,-51.34313792241189,0.0,2256680.0,0.0052903,"Não cumprimento do disposto no art. 14, § 1º, III da Lei nº 14113/2020",False,0.0
354150,3541505.0,PRESIDENTE VENCESLAU,-21.7930159349006,-51.838369304092254,0.0,352010.0,0.0008715,"Não cumprimento do disposto no art. 14, § 1º, III da Lei nº 14113/2020",False,0.0
354160,3541604.0,PROMISSÃO,-21.524609411256787,-49.87046044015414,0.0,0.0,0.0,,False,0.0
354165,3541653.0,QUADRA,-23.30099318484549,-48.03858546424223,0.0,34050.0,9.96e-05,"Não cumprimento do disposto no art. 14, § 1º, III da Lei nº 14113/2020",False,0.0
354170,3541703.0,QUATÁ,-22.205884434339545,-50.64529119940677,0.0,0.0,0.0,,False,0.0
354180,3541802.0,QUEIROZ,-21.80057229087581,-50.24524929830501,0.0,32650.0,8.1e-05,"Não cumprimento do disposto no art. 14, § 1º, I, II e V da Lei nº 14113/2020",False,0.0
354190,3541901.0,QUELUZ,-22.50432520154953,-44.78531332899804,0.0,91590.0,0.0002529,"Não cumprimento do disposto no art. 14, § 1º, II e III da Lei nº 14113/2020",False,0.0
354200,3542008.0,QUINTANA,-22.10017711391501,-50.36928201731531,0.0,70380.0,0.0002211,"Não cumprimento do disposto no art. 14, § 1º, III da Lei nº 14113/2020",False,0.0
354210,3542107.0,RAFARD,-23.04517620392807,-47.58371553410559,0.0,89650.0,0.0002768,"Não cumprimento do disposto no art. 14, § 1º, III da Lei nº 14113/2020",False,0.0
354220,3542206.0,RANCHARIA,-22.28274526489253,-50.92828749721671,0.0,285880.0,0.0008222,"Não cumprimento do disposto no art. 14, § 1º, I e III da Lei nº 14113/2020",False,0.0
354230,3542305.0,REDENÇÃO DA SERRA,-23.25371568317529,-45.52619594483609,0.0,0.0,0.0,,False,0.0
354240,3542404.0,REGENTE FEIJÓ,-22.25256403524668,-51.29406180336727,0.0,0.0,0.0,,False,0.0
354250,3542503.0,REGINÓPOLIS,-21.883281009151627,-49.18048712921063,0.0,0.0,0.0,,False,0.0
354260,3542602.0,REGISTRO,-24.504013046043102,-47.82073883650191,0.0,599470.0,0.0015739,"Não cumprimento do disposto no art. 14, § 1º, III da Lei nº 14113/2020",False,0.0
354270,3542701.0,RESTINGA,-20.648200729629934,-47.50596777840159,0.0,64040.0,0.0001946,"Não cumprimento do disposto no art. 14, § 1º, II da Lei nº 14113/2020",False,0.0
350200,3502002.0,ANALÂNDIA,-22.12106139635037,-47.67795295119697,0.0,0.0,0.0,,False,0.0
354290,3542909.0,RIBEIRÃO BONITO,-22.060100211450287,-48.185343153708985,0.0,0.0,0.0,,False,0.0
354300,3543006.0,RIBEIRÃO BRANCO,-24.256125970475125,-48.77809279592752,0.0,0.0,0.0,,False,0.0
354310,3543105.0,RIBEIRÃO CORRENTE,-20.44896012574531,-47.57327183335208,546495.48,0.0,0.0,,True,0.0
354320,3543204.0,RIBEIRÃO DO SUL,-22.75161722645251,-49.92256323860822,0.0,0.0,0.0,,False,0.0
354323,3543238.0,RIBEIRÃO DOS ÍNDIOS,-21.78424337152529,-51.58334977154256,49147.08,0.0,0.0,,True,0.0
354325,3543253.0,RIBEIRÃO GRANDE,-24.188656731832385,-48.35875870422279,0.0,0.0,0.0,,False,0.0
354330,3543303.0,RIBEIRÃO PIRES,-23.70104975518406,-46.40279371192234,0.0,0.0,0.0,,False,0.0
354340,3543402.0,RIBEIRÃO PRETO,-21.210833969479864,-47.82130713823064,0.0,0.0,0.0,,False,0.0
354350,3543501.0,RIVERSUL,-23.84685906755289,-49.44782064301334,0.0,55990.0,0.0001553,"Não cumprimento do disposto no art. 14, § 1º, I da Lei nº 14113/2020",False,0.0
350210,3502101.0,ANDRADINA,-20.835619516576777,-51.32976997754563,0.0,597830.0,0.0015363,"Não cumprimento do disposto no art. 14, § 1º, III da Lei nº 14113/2020",False,0.0
354370,3543709.0,RINCÃO,-21.59388193436597,-48.03211439029834,275098.38,0.0,0.0,,True,0.0
354380,3543808.0,RINÓPOLIS,-21.681147647915672,-50.7174785275898,0.0,0.0,0.0,,False,0.0
354390,3543907.0,RIO CLARO,-22.373875781414384,-47.57994576312594,0.0,2014180.0,0.0046823,"Não cumprimento do disposto no art. 14, § 1º, III da Lei nº 14113/2020",False,0.0
354400,3544004.0,RIO DAS PEDRAS,-22.850359270949543,-47.59847154011055,0.0,313280.0,0.000764,"Não cumprimento do disposto no art. 14, § 1º, III da Lei nº 14113/2020",False,0.0
354410,3544103.0,RIO GRANDE DA SERRA,-23.737843153239822,-46.37949062793872,0.0,441700.0,0.0007529,"Não cumprimento do disposto no art. 14, § 1º, I da Lei nº 14113/2020",False,0.0
354420,3544202.0,RIOLÂNDIA,-20.02352171613109,-49.70914307560897,0.0,0.0,0.0,,False,0.0
350220,3502200.0,ANGATUBA,-23.436867798278328,-48.45929546965908,0.0,240220.0,0.0006282,"Não cumprimento do disposto no art. 14, § 1º, I e III da Lei nº 14113/2020",False,0.0
354430,3544301.0,ROSEIRA,-22.93298638733968,-45.30245231178223,0.0,108320.0,0.0003194,"Não cumprimento do disposto no art. 14, § 1º, II e III da Lei nº 14113/2020",False,0.0
354440,3544400.0,RUBIÁCEA,-21.36086090048588,-50.78583836847594,115103.79,0.0,0.0,,True,0.0
354450,3544509.0,RUBINÉIA,-20.249824009181225,-51.01837354169551,0.0,0.0,0.0,,False,0.0
354460,3544608.0,SABINO,-21.470952493026992,-49.575571222681,0.0,51120.0,0.000131,Não apresentou melhoria em nenhum dos indicadores de atendimento e de melhoria da aprendizagem com redução das desigualdades.,False,0.0
354470,3544707.0,SAGRES,-21.867844309646337,-50.99035914698166,0.0,24740.0,8.09e-05,"Não cumprimento do disposto no art. 14, § 1º, I e V da Lei nº 14113/2020",False,0.0
354480,3544806.0,SALES,-21.3472858055394,-49.50276816511053,0.0,64370.0,0.0001737,"Não cumprimento do disposto no art. 14, § 1º, I e V da Lei nº 14113/2020",False,0.0
350230,3502309.0,ANHEMBI,-22.800010509850896,-48.17466074918937,0.0,56740.0,0.000163,"Não cumprimento do disposto no art. 14, § 1º, III da Lei nº 14113/2020",False,0.0
354500,3545001.0,SALESÓPOLIS,-23.58021132206844,-45.842602276179406,1028928.41,0.0,0.0,,True,0.0
354510,3545100.0,SALMOURÃO,-21.587985184333444,-50.8762435367791,0.0,0.0,0.0,,False,0.0
350250,3502507.0,APARECIDA,-22.914123014597354,-45.2372088275656,0.0,325690.0,0.0008515,"Não cumprimento do disposto no art. 14, § 1º, I, II e V da Lei nº 14113/2020",False,0.0
354520,3545209.0,SALTO,-23.18045691021072,-47.302653402778006,0.0,1343190.0,0.0029338,"Não cumprimento do disposto no art. 14, § 1º, III da Lei nº 14113/2020",False,0.0
354530,3545308.0,SALTO DE PIRAPORA,-23.652793433133493,-47.58070156112736,0.0,437480.0,0.0011346,"Não cumprimento do disposto no art. 14, § 1º, III da Lei nº 14113/2020",False,0.0
354540,3545407.0,SALTO GRANDE,-22.870827034632317,-49.960864322174,0.0,90500.0,0.0002247,"Não cumprimento do disposto no art. 14, § 1º, I e III da Lei nº 14113/2020",False,0.0
354550,3545506.0,SANDOVALINA,-22.477857853264528,-51.8421711490136,0.0,36450.0,0.0001247,"Não cumprimento do disposto no art. 14, § 1º, I e III da Lei nº 14113/2020",False,0.0
354560,3545605.0,SANTA ADÉLIA,-21.31778630650761,-48.819031742990944,0.0,0.0,0.0,,False,0.0
354570,3545704.0,SANTA ALBERTINA,-20.01417311159959,-50.72766741752743,0.0,63930.0,0.00016,"Não cumprimento do disposto no art. 14, § 1º, I da Lei nº 14113/2020",False,0.0
354580,3545803.0,SANTA BÁRBARA D'OESTE,-22.800614638029337,-47.428047924444144,0.0,0.0,0.0,,False,0.0
354600,3546009.0,SANTA BRANCA,-23.42645358953565,-45.86332712055788,0.0,139750.0,0.0003289,"Não cumprimento do disposto no art. 14, § 1º, II e III da Lei nº 14113/2020",False,0.0
354610,3546108.0,SANTA CLARA D'OESTE,-20.066885095318074,-50.9084005819151,0.0,25980.0,8e-05,,False,0.0
354620,3546207.0,SANTA CRUZ DA CONCEIÇÃO,-22.12136539416764,-47.48557719393175,0.0,0.0,0.0,,False,0.0
354625,3546256.0,SANTA CRUZ DA ESPERANÇA,-21.274849446154708,-47.43964426941603,119189.02,0.0,0.0,,True,0.0
354630,3546306.0,SANTA CRUZ DAS PALMEIRAS,-21.85555418700852,-47.250128371049314,0.0,288640.0,0.0006599,"Não cumprimento do disposto no art. 14, § 1º, I e III da Lei nº 14113/2020",False,0.0
354640,3546405.0,SANTA CRUZ DO RIO PARDO,-22.80932979396461,-49.56901644528395,0.0,464420.0,0.0010807,"Não cumprimento do disposto no art. 14, § 1º, III da Lei nº 14113/2020",False,0.0
354650,3546504.0,SANTA ERNESTINA,-21.452603819273783,-48.36672381373713,0.0,61180.0,0.0001779,"Não cumprimento do disposto no art. 14, § 1º, I da Lei nº 14113/2020",False,0.0
354660,3546603.0,SANTA FÉ DO SUL,-20.241919148166293,-50.95013954220448,0.0,0.0,0.0,,False,0.0
354670,3546702.0,SANTA GERTRUDES,-22.47510029838297,-47.52126095928176,0.0,236110.0,0.0006144,"Não cumprimento do disposto no art. 14, § 1º, III da Lei nº 14113/2020",False,0.0
354680,3546801.0,SANTA ISABEL,-23.288928203187243,-46.24229273936016,0.0,531740.0,0.0013863,"Não cumprimento do disposto no art. 14, § 1º, I e III da Lei nº 14113/2020",False,0.0
354690,3546900.0,SANTA LÚCIA,-21.67071232943793,-48.05744362356716,234257.93,0.0,0.0,,True,0.0
354700,3547007.0,SANTA MARIA DA SERRA,-22.564423478025056,-48.15421696344823,0.0,52430.0,0.000186,"Não cumprimento do disposto no art. 14, § 1º, III da Lei nº 14113/2020",False,0.0
350260,3502606.0,APARECIDA D'OESTE,-20.478863920002357,-50.922072297943295,0.0,40860.0,0.0001152,,False,0.0
354720,3547205.0,SANTANA DA PONTE PENSA,-20.260782322084605,-50.79711903891812,0.0,16700.0,1.33e-05,"Não cumprimento do disposto no art. 14, § 1º, I da Lei nº 14113/2020",False,0.0
354730,3547304.0,SANTANA DE PARNAÍBA,-23.449417313721668,-46.916811370394456,14885740.9,0.0,0.0,,True,0.0
354740,3547403.0,SANTA RITA D'OESTE,-20.097130260970737,-50.81271453315479,0.0,27330.0,5.99e-05,,False,0.0
354750,3547502.0,SANTA RITA DO PASSA QUATRO,-21.68248608514236,-47.50801050207258,0.0,248330.0,0.0005513,Não apresentou melhoria em nenhum dos indicadores de atendimento e de melhoria da aprendizagem com redução das desigualdades.,False,0.0
354760,3547601.0,SANTA ROSA DE VITERBO,-21.5037999170822,-47.36627583878258,0.0,234110.0,0.0005722,"Não cumprimento do disposto no art. 14, § 1º, III da Lei nº 14113/2020",False,0.0
350270,3502705.0,APIAÍ,-24.421441963482483,-48.81734518202903,1313469.07,0.0,0.0,,True,0.0
354770,3547700.0,SANTO ANASTÁCIO,-22.03761999056353,-51.72248214032588,0.0,0.0,0.0,,False,0.0
354780,3547809.0,SANTO ANDRÉ,-23.727917203667648,-46.44160172756969,0.0,0.0,0.0,,False,0.0
354790,3547908.0,SANTO ANTÔNIO DA ALEGRIA,-21.09241396123899,-47.19580707512086,0.0,0.0,0.0,,False,0.0
354800,3548005.0,SANTO ANTÔNIO DE POSSE,-22.603281212383237,-46.94988876555223,0.0,0.0,0.0,,False,0.0
354805,3548054.0,SANTO ANTÔNIO DO ARACANGUÁ,-20.87296035837374,-50.55432084079083,0.0,0.0,0.0,,False,0.0
354810,3548104.0,SANTO ANTÔNIO DO JARDIM,-22.130395889843445,-46.68330380381931,0.0,0.0,0.0,,False,0.0
354820,3548203.0,SANTO ANTÔNIO DO PINHAL,-22.831788992665683,-45.69799604321356,0.0,0.0,0.0,,False,0.0
354830,3548302.0,SANTO EXPEDITO,-21.82480860094877,-51.37018969603308,0.0,30000.0,8.73e-05,"Não cumprimento do disposto no art. 14, § 1º, I da Lei nº 14113/2020",False,0.0
354840,3548401.0,SANTÓPOLIS DO AGUAPEÍ,-21.66018582398045,-50.51799376887799,0.0,0.0,0.0,,False,0.0
350275,3502754.0,ARAÇARIGUAMA,-23.434442629263863,-47.07238040872208,0.0,0.0,0.0,,False,0.0
354860,3548609.0,SÃO BENTO DO SAPUCAÍ,-22.68150245245245,-45.68680399405195,522772.52,0.0,0.0,,True,0.0
354870,3548708.0,SÃO BERNARDO DO CAMPO,-23.812949449764933,-46.55086085420541,0.0,0.0,0.0,,False,0.0
354880,3548807.0,SÃO CAETANO DO SUL,-23.626190056082656,-46.566126872701545,0.0,0.0,0.0,,False,0.0
354890,3548906.0,SÃO CARLOS,-21.91896474811212,-47.86718864912853,0.0,0.0,0.0,,False,0.0
354900,3549003.0,SÃO FRANCISCO,-20.365755357864945,-50.67586150468151,0.0,0.0,0.0,,False,0.0
354910,3549102.0,SÃO JOÃO DA BOA VISTA,-21.97797021895747,-46.80211481571368,0.0,0.0,0.0,,False,0.0
354920,3549201.0,SÃO JOÃO DAS DUAS PONTES,-20.408353654199452,-50.38339667311504,0.0,0.0,0.0,,False,0.0
354925,3549250.0,SÃO JOÃO DE IRACEMA,-20.52075474531688,-50.35627240613884,127969.47,0.0,0.0,,True,0.0
354930,3549300.0,SÃO JOÃO DO PAU D'ALHO,-21.223460611219316,-51.67307340994274,0.0,0.0,0.0,,False,0.0
354940,3549409.0,SÃO JOAQUIM DA BARRA,-20.55055551227768,-47.93858543230456,0.0,0.0,0.0,,False,0.0
354950,3549508.0,SÃO JOSÉ DA BELA VISTA,-20.587495677248985,-47.62718277486484,255741.38,0.0,0.0,,True,0.0
354960,3549607.0,SÃO JOSÉ DO BARREIRO,-22.74882516187004,-44.58721873487392,206005.71,0.0,0.0,,True,0.0
354970,3549706.0,SÃO JOSÉ DO RIO PARDO,-21.60368695095005,-46.87946526020012,1809020.74,0.0,0.0,,True,0.0
354980,3549805.0,SÃO JOSÉ DO RIO PRETO,-20.79730923724708,-49.358085679087466,0.0,0.0,0.0,,False,0.0
354990,3549904.0,SÃO JOSÉ DOS CAMPOS,-23.09062189033992,-45.92854620985591,0.0,0.0,0.0,,False,0.0
354995,3549953.0,SÃO LOURENÇO DA SERRA,-23.852426413860016,-46.936344473580654,0.0,0.0,0.0,,False,0.0
355000,3550001.0,SÃO LUIZ DO PARAITINGA,-23.24013097428131,-45.25379351183591,448798.16,0.0,0.0,,True,0.0
355010,3550100.0,SÃO MANUEL,-22.682249503216443,-48.54047038441094,0.0,0.0,0.0,,False,0.0
355020,3550209.0,SÃO MIGUEL ARCANJO,-23.91396058143733,-47.99339532784112,0.0,0.0,0.0,,False,0.0
355030,3550308.0,SÃO PAULO,-23.65003775593321,-46.64813247544322,0.0,0.0,0.0,"Não cumprimento do disposto no art. 14, § 1º, III da Lei nº 14113/2020",False,0.0
355040,3550407.0,SÃO PEDRO,-22.558096120941705,-47.924663998802025,0.0,0.0,0.0,,False,0.0
355050,3550506.0,SÃO PEDRO DO TURVO,-22.67898332551856,-49.77226440831992,0.0,0.0,0.0,,False,0.0
355060,3550605.0,SÃO ROQUE,-23.54900134921069,-47.10957202970403,0.0,0.0,0.0,,False,0.0
355070,3550704.0,SÃO SEBASTIÃO,-23.754375900085986,-45.60676246080549,0.0,0.0,0.0,,False,0.0
355080,3550803.0,SÃO SEBASTIÃO DA GRAMA,-21.75397590571348,-46.7530980604237,630743.04,0.0,0.0,,True,0.0
355090,3550902.0,SÃO SIMÃO,-21.461442688863567,-47.56838121268898,462547.15,0.0,0.0,,True,0.0
355100,3551009.0,SÃO VICENTE,-23.9591635440658,-46.48802584801181,0.0,0.0,0.0,,False,0.0
355110,3551108.0,SARAPUÍ,-23.66434950716638,-47.78575818602532,0.0,0.0,0.0,,False,0.0
355120,3551207.0,SARUTAIÁ,-23.2576293981773,-49.48169697928224,0.0,0.0,0.0,,False,0.0
355130,3551306.0,SEBASTIANÓPOLIS DO SUL,-20.62923304003337,-49.91581813344848,119189.02,0.0,0.0,,True,0.0
355140,3551405.0,SERRA AZUL,-21.3159981244014,-47.54972304616018,0.0,127460.0,0.0003199,"Não cumprimento do disposto no art. 14, § 1º, III da Lei nº 14113/2020",False,0.0
355150,3551504.0,SERRANA,-21.21690249995419,-47.61245976794839,0.0,439090.0,0.001157,"Não cumprimento do disposto no art. 14, § 1º, I, II e V da Lei nº 14113/2020",False,0.0
350280,3502804.0,ARAÇATUBA,-21.11375947589673,-50.57455660855611,0.0,0.0,0.0,,False,0.0
355170,3551702.0,SERTÃOZINHO,-21.122931758967034,-48.00893543370208,0.0,0.0,0.0,,False,0.0
355180,3551801.0,SETE BARRAS,-24.273961249921552,-47.9341471636881,0.0,127300.0,0.0003369,"Não cumprimento do disposto no art. 14, § 1º, III da Lei nº 14113/2020",False,0.0
355190,3551900.0,SEVERÍNIA,-20.79316966069003,-48.79357066870088,623391.45,0.0,0.0,,True,0.0
355200,3552007.0,SILVEIRAS,-22.73466894295873,-44.84094192444903,0.0,61860.0,0.0001704,"Não cumprimento do disposto no art. 14, § 1º, I e III da Lei nº 14113/2020",False,0.0
355210,3552106.0,SOCORRO,-22.611195723434125,-46.52439772782565,0.0,401220.0,0.0008885,"Não cumprimento do disposto no art. 14, § 1º, I e III da Lei nº 14113/2020",False,0.0
355220,3552205.0,SOROCABA,-23.46451768864602,-47.44675266535388,0.0,7236820.0,0.0166906,"Não cumprimento do disposto no art. 14, § 1º, II e III da Lei nº 14113/2020",False,0.0
355230,3552304.0,SUD MENNUCCI,-20.667585089198493,-50.90086753116333,0.0,73550.0,0.0001669,"Não cumprimento do disposto no art. 14, § 1º, I e III da Lei nº 14113/2020",False,0.0
355240,3552403.0,SUMARÉ,-22.841845144096123,-47.26299326612005,0.0,0.0,0.0,,False,0.0
355250,3552502.0,SUZANO,-23.60836111117772,-46.31045680046208,0.0,3074290.0,0.0069942,"Não cumprimento do disposto no art. 14, § 1º, III da Lei nº 14113/2020",False,0.0
355255,3552551.0,SUZANÁPOLIS,-20.472839876154264,-51.07560354118723,227336.86,0.0,0.0,,True,0.0
355260,3552601.0,TABAPUÃ,-20.93178481716805,-49.02899650273587,0.0,0.0,0.0,,False,0.0
355270,3552700.0,TABATINGA,-21.712485245008537,-48.62909649221364,0.0,147690.0,0.0003612,"Não cumprimento do disposto no art. 14, § 1º, III da Lei nº 14113/2020",False,0.0
355280,3552809.0,TABOÃO DA SERRA,-23.620591365358987,-46.78627768612607,0.0,0.0,0.0,,False,0.0
350290,3502903.0,ARAÇOIABA DA SERRA,-23.543888413040904,-47.65152990869348,0.0,0.0,0.0,,False,0.0
355300,3553005.0,TAGUAÍ,-23.474474746688344,-49.397413165006085,0.0,0.0,0.0,,False,0.0
355310,3553104.0,TAIAÇU,-21.13223420924377,-48.530229937709,0.0,0.0,0.0,,False,0.0
355320,3553203.0,TAIÚVA,-21.13265072397656,-48.42824703996087,0.0,0.0,0.0,,False,0.0
355330,3553302.0,TAMBAÚ,-21.601763176552105,-47.23906042764237,536941.05,0.0,0.0,,True,0.0
355340,3553401.0,TANABI,-20.531187381931016,-49.646500643879214,0.0,252650.0,0.0007028,"Não cumprimento do disposto no art. 14, § 1º, III da Lei nº 14113/2020",False,0.0
355350,3553500.0,TAPIRAÍ,-24.00868819364184,-47.6194498737829,0.0,0.0,0.0,,False,0.0
355360,3553609.0,TAPIRATIBA,-21.45076619159879,-46.741813081724985,0.0,118160.0,0.0003123,"Não cumprimento do disposto no art. 14, § 1º, I, II e V da Lei nº 14113/2020",False,0.0
350300,3503000.0,ARAMINA,-20.144859353107314,-47.820624051470006,0.0,54200.0,0.0001524,"Não cumprimento do disposto no art. 14, § 1º, III da Lei nº 14113/2020",False,0.0
350315,3503158.0,ARAPEÍ,-22.672980583807185,-44.438556095727726,100867.23,0.0,0.0,,True,0.0
355380,3553807.0,TAQUARITUBA,-23.53020122974131,-49.23461489373628,0.0,243500.0,0.000568,"Não cumprimento do disposto no art. 14, § 1º, I da Lei nº 14113/2020",False,0.0
355385,3553856.0,TAQUARIVAÍ,-23.943339692878784,-48.68798209749916,362275.76,0.0,0.0,,True,0.0
355390,3553906.0,TARABAI,-22.35803391082268,-51.625862292116416,0.0,65360.0,0.0001779,"Não cumprimento do disposto no art. 14, § 1º, I e III da Lei nº 14113/2020",False,0.0
355395,3553955.0,TARUMÃ,-22.763508588368676,-50.601451612342615,1205676.93,0.0,0.0,,True,0.0
355400,3554003.0,TATUÍ,-23.3620728521042,-47.86960436816076,0.0,0.0,0.0,,False,0.0
355410,3554102.0,TAUBATÉ,-23.087139891330544,-45.50244200173479,0.0,0.0,0.0,,False,0.0
355420,3554201.0,TEJUPÁ,-23.34253039209844,-49.30659224471595,319080.52,0.0,0.0,,True,0.0
355430,3554300.0,TEODORO SAMPAIO,-22.41665516230801,-52.37404393876587,0.0,221730.0,0.0005786,"Não cumprimento do disposto no art. 14, § 1º, III da Lei nº 14113/2020",False,0.0
350320,3503208.0,ARARAQUARA,-21.7916445535166,-48.18127581782254,0.0,2422280.0,0.0046255,"Não cumprimento do disposto no art. 14, § 1º, III da Lei nº 14113/2020",False,0.0
355450,3554508.0,TIETÊ,-23.049520641161664,-47.70762758443632,0.0,0.0,0.0,,False,0.0
355460,3554607.0,TIMBURI,-23.195839582006357,-49.610331497162576,0.0,24640.0,7.25e-05,"Não cumprimento do disposto no art. 14, § 1º, I da Lei nº 14113/2020",False,0.0
355465,3554656.0,TORRE DE PEDRA,-23.25009503157295,-48.21269508191706,0.0,20460.0,6.45e-05,"Não cumprimento do disposto no art. 14, § 1º, III da Lei nº 14113/2020",False,0.0
355470,3554706.0,TORRINHA,-22.44463030468996,-48.16445119538171,0.0,93350.0,7.42e-05,"Não cumprimento do disposto no art. 14, § 1º, I da Lei nº 14113/2020",False,0.0
355475,3554755.0,TRABIJU,-22.03232262296615,-48.34525774993087,0.0,16820.0,4.36e-05,"Não cumprimento do disposto no art. 14, § 1º, I e V da Lei nº 14113/2020",False,0.0
350055,3500550.0,ÁGUAS DE SANTA BÁRBARA,-22.85789341226489,-49.261087707464334,0.0,0.0,0.0,,False,0.0
355490,3554904.0,TRÊS FRONTEIRAS,-20.27364601627323,-50.86960478271763,0.0,0.0,0.0,,False,0.0
355495,3554953.0,TUIUTI,-22.830301783414725,-46.68763651074644,0.0,67780.0,0.0001739,"Não cumprimento do disposto no art. 14, § 1º, III da Lei nº 14113/2020",False,0.0
355500,3555000.0,TUPÃ,-21.94729417986575,-50.534689507427736,0.0,0.0,0.0,,False,0.0
350330,3503307.0,ARARAS,-22.346110281976458,-47.32390937939597,0.0,1308660.0,0.0028886,"Não cumprimento do disposto no art. 14, § 1º, III da Lei nº 14113/2020",False,0.0
355520,3555208.0,TURIÚBA,-20.940518900534144,-50.11120173505838,52678.61,0.0,0.0,,True,0.0
355530,3555307.0,TURMALINA,-20.083525022210598,-50.45678399954123,0.0,16690.0,4.15e-05,"Não cumprimento do disposto no art. 14, § 1º, I e V da Lei nº 14113/2020",False,0.0
355535,3555356.0,UBARANA,-21.21979983727772,-49.748214101710495,0.0,53650.0,0.0001691,"Não cumprimento do disposto no art. 14, § 1º, I e V da Lei nº 14113/2020",False,0.0
355540,3555406.0,UBATUBA,-23.38125472387305,-45.02422936005914,0.0,929810.0,0.0023508,"Não cumprimento do disposto no art. 14, § 1º, III da Lei nº 14113/2020",False,0.0
355550,3555505.0,UBIRAJARA,-22.54428583307445,-49.66593343105327,0.0,51320.0,0.0001595,"Não cumprimento do disposto no art. 14, § 1º, III da Lei nº 14113/2020",False,0.0
355560,3555604.0,UCHOA,-20.936989870971736,-49.15777320382337,0.0,103940.0,0.0002884,"Não cumprimento do disposto no art. 14, § 1º, III da Lei nº 14113/2020",False,0.0
355570,3555703.0,UNIÃO PAULISTA,-20.890522517729835,-49.8872524720099,0.0,0.0,0.0,,False,0.0
355580,3555802.0,URÂNIA,-20.208781222788733,-50.65244538323351,0.0,0.0,0.0,,False,0.0
355590,3555901.0,URU,-21.765872961643822,-49.29631917508594,0.0,13870.0,4.97e-05,"Não cumprimento do disposto no art. 14, § 1º, I e V da Lei nº 14113/2020",False,0.0
355600,3556008.0,URUPÊS,-21.20520555733108,-49.26519677523182,585487.77,0.0,0.0,,True,0.0
350020,3500204.0,ADOLFO,-21.288722205285318,-49.65329407487982,0.0,43510.0,0.0001282,"Não cumprimento do disposto no art. 14, § 1º, I e V da Lei nº 14113/2020",False,0.0
350010,3500105.0,ADAMANTINA,-21.57664045679995,-51.05678056877712,0.0,346870.0,0.0007679,"Não cumprimento do disposto no art. 14, § 1º, III da Lei nº 14113/2020",False,0.0
355630,3556305.0,VALPARAÍSO,-21.203075353807414,-50.92385218492663,0.0,0.0,0.0,,False,0.0
355635,3556354.0,VARGEM,-22.890146624266094,-46.41461720073582,0.0,105120.0,0.0002266,"Não cumprimento do disposto no art. 14, § 1º, I da Lei nº 14113/2020",False,0.0
355640,3556404.0,VARGEM GRANDE DO SUL,-21.860689324453578,-46.89894551956858,0.0,401330.0,0.0009923,"Não cumprimento do disposto no art. 14, § 1º, I da Lei nº 14113/2020",False,0.0
355645,3556453.0,VARGEM GRANDE PAULISTA,-23.620887414503592,-47.01474250726896,0.0,504150.0,0.0013557,"Não cumprimento do disposto no art. 14, § 1º, I e III da Lei nº 14113/2020",False,0.0
355650,3556503.0,VÁRZEA PAULISTA,-23.219229183404916,-46.82500207888124,0.0,0.0,0.0,,False,0.0
350335,3503356.0,ARCO-ÍRIS,-21.766341041393986,-50.4308922855078,0.0,0.0,0.0,,False,0.0
355670,3556701.0,VINHEDO,-23.04649906458516,-46.979235253705056,0.0,765400.0,0.0019398,"Não cumprimento do disposto no art. 14, § 1º, III da Lei nº 14113/2020",False,0.0
350350,3503505.0,AREIAS,-22.673185558456755,-44.712363467067824,0.0,35770.0,7.75e-05,"Não cumprimento do disposto no art. 14, § 1º, I e V da Lei nº 14113/2020",False,0.0
350360,3503604.0,AREIÓPOLIS,-22.631723113303487,-48.65284600386561,476233.05,0.0,0.0,,True,0.0
355695,3556958.0,VITÓRIA BRASIL,-20.1982700773567,-50.48541826411496,0.0,0.0,0.0,,False,0.0
355700,3557006.0,VOTORANTIM,-23.579818228411717,-47.40668509363695,0.0,1279230.0,0.0031739,"Não cumprimento do disposto no art. 14, § 1º, III da Lei nº 14113/2020",False,0.0
350380,3503802.0,ARTUR NOGUEIRA,-22.5612480725299,-47.13213593925919,0.0,514560.0,0.001293,"Não cumprimento do disposto no art. 14, § 1º, I e III da Lei nº 14113/2020",False,0.0
355715,3557154.0,ZACARIAS,-21.12543400255694,-50.04937802496498,0.0,26920.0,7.84e-05,"Não cumprimento do disposto no art. 14, § 1º, I da Lei nº 14113/2020",False,0.0
355720,3557204.0,CHAVANTES,-23.046357558772936,-49.72656855996412,0.0,122110.0,0.0003632,"Não cumprimento do disposto no art. 14, § 1º, I e III da Lei nº 14113/2020",False,0.0
350040,3500402.0,ÁGUAS DA PRATA,-21.913669612735244,-46.691707043623055,0.0,0.0,0.0,,False,0.0
