CODIGO;MUNICIPIO;VA 2024;VA 2023;População;Receita Tributária;Área Cultivada;Área Inundada;Ind. Protegida;Vegetação Nativa;Resíduos Sólidos;Cota Parte Educação;IPM;
150;ADAMANTINA;1.216.515.124;805.245.843;34687;33300892;32756,90;0,0000000;0,000000;0,0000000;0,0015130;0,0007679;0,0588683;
151;ADOLFO;271.762.680;170.956.097;4351;3863913;14617,30;0,0106482;0,000000;0,0000000;0,0000000;0,0001282;0,0209980;
152;AGUAI;1.807.776.588;1.471.439.613;32072;20161060;41205,40;0,0000000;0,000000;0,0000000;0,0014270;0,0008075;0,0837045;
154;AGUAS DA PRATA;274.621.644;197.469.817;7369;6676697;9013,10;0,0000000;0,007334;0,0023692;0,0013000;0,0001677;0,0190735;
153;AGUAS DE LINDOIA;266.432.731;240.779.740;17930;41751063;3234,90;0,0000000;0,000000;0,0000000;0,0013180;0,0004015;0,0210414;
607;AGUAS DE SANTA BARBARA;427.231.715;330.417.734;7177;21786015;29850,80;0,0000000;0,321615;0,0000000;0,0011290;0,0002032;0,0298061;
155;AGUAS DE SAO PEDRO;63.299.467;62.450.182;2780;11725313;29,00;0,0000000;0,000000;0,0000000;0,0012200;0,0000884;0,0077330;
156;AGUDOS;3.666.466.480;3.326.092.948;37680;18968056;80642,50;0,0000000;0,039998;0,0006544;0,0015570;0,0009134;0,1628888;
732;ALAMBARI;129.103.792;143.687.562;6141;3761801;12901,90;0,0000000;0,000000;0,0000000;0,0011380;0,0001508;0,0131491;
157;ALFREDO MARCONDES;149.085.662;141.185.672;4445;4002206;11841,00;0,0000000;0,000000;0,0000000;0,0012960;0,0000357;0,0120285;
158;ALTAIR;355.446.060;349.091.329;3451;3988212;24129,10;0,0000000;0,000000;0,0000000;0,0000000;0,0000800;0,0217388;
159;ALTINOPOLIS;968.967.638;780.771.768;16818;17146171;68918,50;0,0000000;0,000000;0,0000000;0,0012650;0,0004575;0,0550149;
160;ALTO ALEGRE;232.612.480;217.607.144;3841;1938021;28428,60;0,0000000;0,000000;0,0000000;0,0013310;0,0001093;0,0185933;
733;ALUMINIO;2.559.053.075;807.977.976;17301;21291161;1697,60;0,0002294;0,041201;0,0002179;0,0012290;0,0004115;0,0732948;
161;ALVARES FLORENCE;253.826.044;251.431.698;3915;2128980;30647,58;0,0000000;0,000000;0,0000000;0,0012650;0,0000954;0,0198465;
162;ALVARES MACHADO;422.738.470;368.875.270;27255;14945980;30756,92;0,0000000;0,000000;0,0000000;0,0016670;0,0007740;0,0345437;
163;ALVARO DE CARVALHO;45.839.709;37.224.603;4808;729041;11931,10;0,0000000;0,000000;0,0000000;0,0013310;0,0001146;0,0088896;
164;ALVINLANDIA;47.216.287;38.087.988;2885;854325;6022,60;0,0000000;0,095530;0,0000000;0,0013310;0,0000952;0,0085756;
165;AMERICANA;9.940.015.875;10.501.765.542;237240;330672541;2222,50;0,0017105;0,000000;0,0000000;0,0030910;0,0045766;0,4677640;
166;AMERICO BRASILIENSE;1.112.338.891;692.397.556;33019;18804841;9128,30;0,0000000;0,000000;0,0000000;0,0014110;0,0009010;0,0513638;
167;AMERICO DE CAMPOS;318.402.121;306.869.074;5870;2510215;21385,90;0,0000000;0,000000;0,0000000;0,0012870;0,0001500;0,0212235;
168;AMPARO;5.166.881.490;5.099.496.391;68008;84568379;31205,90;0,0000000;0,380785;0,0041747;0,0016510;0,0014728;0,2337889;
169;ANALANDIA;498.681.272;498.705.562;4589;6038041;27105,40;0,0000000;0,283358;0,0032737;0,0013310;0,0001384;0,0353325;
170;ANDRADINA;2.912.165.930;2.394.627.705;59783;49620284;74212,30;0,0052216;0,011881;0,0000000;0,0016290;0,0015363;0,1409264;
171;ANGATUBA;1.470.577.149;1.274.688.507;24022;10854995;101868,88;0,0023870;0,051861;0,0001905;0,0013450;0,0006282;0,0832746;
172;ANHEMBI;373.666.923;285.200.647;5674;4834097;55184,09;0,0138295;0,144026;0,0010577;0,0000000;0,0001630;0,0366356;
173;ANHUMAS;123.237.162;146.688.763;4023;3919480;27128,58;0,0000000;0,000000;0,0000000;0,0012250;0,0000894;0,0148302;
174;APARECIDA;607.923.657;571.842.316;32569;34560297;6401,10;0,0000000;0,000000;0,0000000;0,0014160;0,0008515;0,0395623;
175;APARECIDA D'OESTE;139.942.120;141.071.178;4086;1368266;24415,40;0,0010716;0,000000;0,0000000;0,0010580;0,0001152;0,0151758;
176;APIAI;593.317.308;497.593.331;24585;7952344;24668,90;0,0000000;0,809264;0,0248682;0,0013180;0,0006842;0,0704519;
734;ARACARIGUAMA;3.586.030.148;3.654.803.592;21522;39998906;542,00;0,0000000;0,000000;0,0031545;0,0000000;0,0006240;0,1524492;
177;ARACATUBA;6.156.452.322;5.203.175.453;200124;215080398;87800,40;0,0241080;0,000000;0,0000000;0,0028650;0,0047855;0,3167459;
178;ARACOIABA DA SERRA;927.463.296;767.580.392;32443;44741136;12759,80;0,0000000;0,000000;0,0000000;0,0016510;0,0008738;0,0511136;
179;ARAMINA;227.799.223;242.697.583;5420;4270037;17065,20;0,0006529;0,000000;0,0000000;0,0010880;0,0001524;0,0178990;
180;ARANDU;246.639.698;221.009.959;6885;15312135;22678,00;0,0106270;0,000000;0,0000000;0,0013360;0,0001865;0,0248573;
735;ARAPEI;20.661.444;18.383.834;2330;836393;11338,30;0,0000000;0,000000;0,0029608;0,0012950;0,0000648;0,0102515;
181;ARARAQUARA;10.719.055.454;9.923.133.687;242228;324303215;80174,20;0,0000000;0,000000;0,0000000;0,0030420;0,0046255;0,4836362;
182;ARARAS;6.321.357.816;5.233.502.025;130866;175896652;48861,10;0,0000000;0,000000;0,0000000;0,0027960;0,0028886;0,2757095;
775;ARCO-IRIS;122.659.383;190.210.835;2044;746939;22404,00;0,0000000;0,000000;0,0000000;0,0012470;0,0000641;0,0143489;
183;AREALVA;313.797.593;315.971.178;8130;3876885;38148,20;0,0021126;0,000000;0,0000000;0,0009110;0,0002116;0,0259148;
184;AREIAS;41.313.796;36.438.370;3577;1118821;22593,90;0,0001768;0,000000;0,0061143;0,0011290;0,0000775;0,0162840;
185;AREIOPOLIS;168.756.448;165.107.721;10130;2182516;7756,80;0,0000000;0,000000;0,0000000;0,0012780;0,0002931;0,0151419;
186;ARIRANHA;1.107.063.215;1.168.182.261;7602;4142195;11611,00;0,0000000;0,000000;0,0000000;0,0011380;0,0001814;0,0510821;
187;ARTUR NOGUEIRA;1.613.480.288;1.373.049.036;51456;36828881;12188,60;0,0000000;0,000000;0,0000000;0,0014220;0,0012930;0,0802588;
188;ARUJA;7.121.798.016;6.863.372.990;86678;138461303;554,00;0,0000000;0,045971;0,0017828;0,0016950;0,0025054;0,3074277;
736;ASPASIA;50.275.609;45.149.174;1842;584771;6509,66;0,0000000;0,000000;0,0000000;0,0000000;0,0000147;0,0062866;
189;ASSIS;1.885.505.728;1.774.417.256;101409;106736405;44099,20;0,0000000;0,216138;0,0000000;0,0030420;0,0024229;0,1194617;
190;ATIBAIA;5.912.757.028;5.329.670.908;158647;338040318;17595,80;0,0000000;0,592941;0,0069608;0,0028450;0,0041233;0,3001700;
191;AURIFLAMA;555.941.646;614.800.870;13692;6606649;36393,70;0,0001052;0,000000;0,0000000;0,0000000;0,0003190;0,0359377;
192;AVAI;313.281.525;323.829.627;4483;5713925;44194,10;0,0000000;0,498237;0,0042092;0,0012470;0,0001090;0,0341962;
193;AVANHANDAVA;418.974.599;474.707.390;11263;7292626;29373,10;0,0000000;0,000000;0,0000000;0,0012910;0,0003267;0,0301109;
194;AVARE;2.725.014.962;2.548.887.010;92805;91024056;85580,00;0,0116238;0,264971;0,0020008;0,0011960;0,0021861;0,1605934;
195;BADY BASSITT;397.760.360;358.175.998;27260;26422354;8089,24;0,0000000;0,000000;0,0000000;0,0015850;0,0007042;0,0297118;
196;BALBINOS;42.552.873;48.696.705;3887;368358;8899,20;0,0000000;0,208537;0,0004423;0,0009420;0,0001093;0,0107479;
197;BALSAMO;360.417.086;225.695.318;9596;5943808;14098,70;0,0000000;0,000000;0,0000000;0,0013530;0,0002314;0,0204079;
198;BANANAL;144.417.174;174.315.877;9969;5306721;28242,20;0,0000000;0,080208;0,0143572;0,0010880;0,0002409;0,0330354;
199;BARAO DE ANTONINA;38.447.067;50.753.861;3531;765189;11346,00;0,0044562;0,162362;0,0006517;0,0013180;0,0000993;0,0131911;
200;BARBOSA;161.344.689;174.355.444;5640;2986940;16768,40;0,0049440;0,000000;0,0000000;0,0011450;0,0001539;0,0174487;
201;BARIRI;1.334.054.372;1.259.946.868;31595;19802655;37813,00;0,0022059;0,000000;0,0000000;0,0016730;0,0007986;0,0714825;
202;BARRA BONITA;1.822.452.703;1.613.306.376;34346;34476494;10397,80;0,0016492;0,025673;0,0000634;0,0014530;0,0008504;0,0838401;
737;BARRA DO CHAPEU;64.494.231;59.695.517;5179;1426598;16045,40;0,0000000;0,000000;0,0087844;0,0010070;0,0001591;0,0195362;
203;BARRA DO TURVO;42.618.578;47.224.408;6876;6280192;26713,30;0,0000000;4,779199;0,0018945;0,0012960;0,0001431;0,0619078;
204;BARRETOS;4.742.420.471;4.345.147.715;122485;165729534;127368,00;0,0042148;0,000000;0,0000000;0,0030120;0,0029077;0,2447948;
205;BARRINHA;492.426.771;522.770.866;32092;12993742;8391,20;0,0000000;0,000000;0,0000000;0,0014110;0,0009138;0,0364952;
206;BARUERI;39.989.049.893;41.312.280.677;316473;2630262377;0,00;0,0000000;0,019720;0,0000405;0,0028160;0,0094157;1,7782307;
207;BASTOS;1.637.046.044;1.588.195.373;21503;8853335;12908,90;0,0000000;0,000000;0,0000000;0,0013310;0,0005115;0,0736954;
208;BATATAIS;2.704.221.277;2.483.804.794;58402;39417314;67124,50;0,0000000;0,000000;0,0000000;0,0013280;0,0013033;0,1316814;
209;BAURU;13.335.576.425;11.710.216.049;379146;510939736;38550,80;0,0000000;0,495253;0,0040247;0,0028550;0,0069293;0,6080230;
210;BEBEDOURO;3.609.832.306;2.918.118.814;76373;78495244;58388,00;0,0000000;0,000000;0,0000000;0,0014270;0,0017436;0,1626375;
211;BENTO DE ABREU;516.700.542;254.880.617;2606;1735553;23848,30;0,0000000;0,000000;0,0000000;0,0013090;0,0000749;0,0232373;
212;BERNARDINO DE CAMPOS;580.442.121;565.109.266;11607;5343108;26487,00;0,0004550;0,000000;0,0000000;0,0010400;0,0002857;0,0338839;
738;BERTIOGA;801.993.738;779.743.966;64188;346021603;1,00;0,0000000;2,861893;0,0087570;0,0016560;0,0022082;0,1145617;
213;BILAC;242.113.674;248.408.268;7319;4674998;14411,20;0,0000000;0,000000;0,0000000;0,0011940;0,0001929;0,0180902;
214;BIRIGUI;3.603.611.171;3.690.172.650;118979;108740673;53323,20;0,0016061;0,000000;0,0000000;0,0021910;0,0032345;0,1976318;
215;BIRITIBA-MIRIM;390.951.428;311.054.867;29683;15509095;9453,50;0,0023032;0,628291;0,0055254;0,0000000;0,0008055;0,0417809;
216;BOA ESPERANCA DO SUL;533.053.152;590.690.245;12978;6649416;52102,20;0,0000000;0,000000;0,0000000;0,0010360;0,0003678;0,0387280;
217;BOCAINA;786.765.502;429.075.992;11259;7504827;27131,40;0,0000000;0,000000;0,0000000;0,0000000;0,0002675;0,0342293;
218;BOFETE;585.463.073;454.900.508;10460;11768663;38667,85;0,0000000;0,407662;0,0094919;0,0000000;0,0003051;0,0472092;
219;BOITUVA;3.195.551.321;2.789.261.098;61081;71976429;17046,10;0,0000000;0,000000;0,0000000;0,0016840;0,0016280;0,1433451;
220;BOM JESUS DOS PERDOES;1.048.194.635;1.158.654.201;22006;25269133;2421,50;0,0000000;0,798229;0,0016759;0,0000000;0,0006297;0,0639101;
739;BOM SUCESSO DE ITARARE;119.519.545;158.014.884;3555;825201;6393,80;0,0000000;0,000000;0,0031005;0,0013180;0,0001161;0,0146881;
221;BORA;114.096.493;137.280.831;907;370217;10901,00;0,0000000;0,000000;0,0000000;0,0013310;0,0000282;0,0107596;
222;BORACEIA;374.245.609;402.217.487;4715;3031787;8655,00;0,0030004;0,000000;0,0000000;0,0012470;0,0001389;0,0232358;
223;BORBOREMA;718.302.474;842.892.185;14226;10654721;47316,40;0,0039266;0,000000;0,0000000;0,0012780;0,0002358;0,0470627;
721;BOREBI;167.079.651;232.833.857;2713;4588866;29973,39;0,0000000;0,000000;0,0000000;0,0012510;0,0000804;0,0176820;
224;BOTUCATU;5.643.952.513;4.938.918.158;145155;131522284;104389,00;0,0102131;0,335105;0,0054253;0,0028550;0,0033476;0,2847341;
225;BRAGANCA PAULISTA;6.468.254.902;6.382.815.827;176811;278207596;28531,20;0,0022644;0,480131;0,0048703;0,0029730;0,0041326;0,3287498;
226;BRAUNA;109.987.094;139.047.205;5356;3393970;16547,10;0,0000000;0,000000;0,0000000;0,0000000;0,0001265;0,0124499;
776;BREJO ALEGRE;184.111.245;186.805.391;2565;1184994;11115,70;0,0018777;0,000000;0,0000000;0,0008940;0,0000764;0,0143973;
227;BRODOWSKI;745.211.443;736.761.078;25201;18680744;21095,40;0,0000000;0,000000;0,0000000;0,0012790;0,0006501;0,0444360;
228;BROTAS;1.256.566.462;1.169.790.355;23898;31556374;78408,80;0,0000000;0,375323;0,0038348;0,0013450;0,0005962;0,0796076;
229;BURI;1.102.834.854;952.529.483;20250;7312604;119464,50;0,0000000;0,000000;0,0000000;0,0000000;0,0006843;0,0710488;
230;BURITAMA;709.884.481;784.351.919;17210;12294976;24901,62;0,0058160;0,000000;0,0000000;0,0012560;0,0004333;0,0452281;
231;BURITIZAL;585.357.654;609.125.387;4356;3141113;19481,54;0,0000000;0,000000;0,0000000;0,0012060;0,0000980;0,0309857;
232;CABRALIA PAULISTA;142.548.023;160.436.000;4299;2191903;18538,42;0,0000000;0,000000;0,0000000;0,0013360;0,0001145;0,0142329;
233;CABREUVA;7.846.879.909;6.959.228.238;47011;48595158;9404,90;0,0000000;0,317437;0,0057257;0,0016450;0,0013786;0,3122062;
234;CACAPAVA;3.874.458.820;4.645.044.692;96202;91199295;18169,30;0,0000000;0,000000;0,0000000;0,0016840;0,0020576;0,1992590;
235;CACHOEIRA PAULISTA;262.771.466;223.700.407;31564;19749589;22000,70;0,0000000;0,000000;0,0000000;0,0014160;0,0007343;0,0271590;
236;CACONDE;418.380.608;372.283.303;17101;6924219;38142,00;0,0045544;0,000000;0,0000000;0,0000000;0,0004710;0,0330775;
237;CAFELANDIA;730.416.150;746.473.462;16654;6809301;72185,75;0,0070894;0,000000;0,0000000;0,0012560;0,0003963;0,0529481;
238;CAIABU;64.144.302;54.630.043;3712;1564752;23393,50;0,0000000;0,000000;0,0000000;0,0013450;0,0000923;0,0112862;
239;CAIEIRAS;3.765.035.141;3.904.182.147;95032;112561594;2411,20;0,0000219;0,079895;0,0014335;0,0015570;0,0024743;0,1878347;
240;CAIUA;177.658.625;132.700.463;5466;2563217;47959,80;0,0042889;0,000000;0,0000000;0,0012030;0,0001555;0,0219933;
241;CAJAMAR;23.887.995.292;19.438.474.785;92689;245680326;1294,70;0,0002866;0,234111;0,0015358;0,0014110;0,0026371;0,8656416;
740;CAJATI;2.122.291.053;2.086.418.704;28515;29947442;10248,00;0,0000000;1,415276;0,0007489;0,0015520;0,0008285;0,1115727;
242;CAJOBI;300.962.170;250.240.922;9133;2977929;14569,20;0,0000000;0,000000;0,0000000;0,0000000;0,0002475;0,0192274;
243;CAJURU;848.336.748;805.651.180;23830;12706397;38362,80;0,0000000;0,000000;0,0000000;0,0010580;0,0005619;0,0492005;
741;CAMPINA DO MONTE ALEGRE;186.304.676;190.191.391;5954;2338017;21727,72;0,0000000;0,000000;0,0000000;0,0012200;0,0001649;0,0167346;
244;CAMPINAS;48.281.100.518;44.707.310.588;1139047;3615462336;23486,30;0,0000226;0,038859;0,0002734;0,0179230;0,0198548;2,2053709;
245;CAMPO LIMPO PAULISTA;2.381.454.516;2.359.008.215;77632;59772128;463,90;0,0000000;0,021903;0,0011654;0,0016670;0,0019962;0,1229123;
246;CAMPOS DO JORDAO;901.634.876;914.501.053;46974;126795088;999,00;0,0000000;1,147170;0,0063012;0,0015740;0,0011453;0,0767266;
247;CAMPOS NOVOS PAULISTA;392.408.880;520.991.878;4888;2308663;53305,80;0,0000000;0,000000;0,0000000;0,0013220;0,0001587;0,0322958;
248;CANANEIA;81.886.180;73.301.174;12289;10372793;5304,10;0,0000000;3,769164;0,0439178;0,0012960;0,0003506;0,0940863;
777;CANAS;56.744.606;62.287.509;4931;2758138;4735,40;0,0000000;0,000000;0,0000000;0,0013360;0,0001336;0,0086503;
249;CANDIDO MOTA;1.802.895.916;2.045.641.112;29449;18131082;83203,50;0,0024145;0,000000;0,0000000;0,0016670;0,0006209;0,1010990;
250;CANDIDO RODRIGUES;110.562.995;108.911.738;2889;1159076;5976,50;0,0000000;0,000000;0,0000000;0,0012430;0,0000939;0,0100999;
742;CANITAR;231.031.808;197.841.625;6283;2218579;5078,40;0,0000975;0,000000;0,0000000;0,0000000;0,0002272;0,0149632;
251;CAPAO BONITO;1.255.465.124;1.094.792.678;46337;21296027;118556,20;0,0000000;1,940305;0,0271671;0,0016120;0,0013866;0,1333734;
252;CAPELA DO ALTO;407.295.392;349.782.057;22866;10855913;13826,50;0,0000000;0,000000;0,0000000;0,0013180;0,0006645;0,0292072;
253;CAPIVARI;2.414.730.137;2.501.843.471;50068;47566949;27184,20;0,0000000;0,000031;0,0000000;0,0013940;0,0014041;0,1210503;
254;CARAGUATATUBA;8.290.556.773;10.217.914.546;134873;255236508;5200,00;0,0000000;2,803401;0,0000000;0,0028940;0,0036408;0,4414031;
255;CARAPICUIBA;4.365.448.954;4.191.513.033;386984;185700967;0,00;0,0000000;0,005570;0,0000192;0,0023580;0,0070940;0,2695706;
256;CARDOSO;533.452.645;529.090.660;11345;4851497;46545,30;0,0155914;0,000000;0,0000000;0,0011090;0,0002901;0,0433972;
257;CASA BRANCA;1.723.638.928;1.820.250.126;28083;29584810;84261,70;0,0000000;0,000000;0,0000000;0,0015740;0,0006618;0,0951224;
258;CASSIA DOS COQUEIROS;118.147.675;83.672.514;2799;1116454;14849,80;0,0000000;0,000000;0,0000000;0,0009420;0,0000774;0,0109349;
259;CASTILHO;2.672.724.840;2.178.657.788;19977;11742628;73190,60;0,0260237;0,001186;0,0000000;0,0013090;0,0005040;0,1273920;
260;CATANDUVA;4.084.418.572;3.962.297.281;115791;141018758;20110,80;0,0000000;0,000000;0,0000000;0,0028750;0,0025948;0,1998329;
261;CATIGUA;159.392.415;153.650.997;7003;5185786;12795,40;0,0000000;0,000000;0,0000000;0,0013450;0,0001928;0,0145466;
262;CEDRAL;437.759.783;451.910.926;12618;12148767;16624,10;0,0000000;0,000000;0,0000000;0,0011460;0,0003008;0,0277457;
263;CERQUEIRA CESAR;1.013.254.614;908.274.655;21469;12146933;43376,90;0,0042820;0,000280;0,0000000;0,0011630;0,0005503;0,0569957;
265;CERQUILHO;2.086.593.137;1.878.875.377;44695;31068908;11254,50;0,0000000;0,000000;0,0000000;0,0000000;0,0010535;0,0946307;
264;CESARIO LANGE;440.236.684;418.478.574;19048;12687213;16073,70;0,0000000;0,000000;0,0000000;0,0011380;0,0004732;0,0292517;
266;CHARQUEADA;645.637.334;486.165.595;15535;9997242;11914,30;0,0000000;0,018654;0,0001911;0,0012200;0,0004594;0,0335679;
719;CHAVANTES;644.189.491;626.635.896;12211;6067947;17270,30;0,0014981;0,000000;0,0000000;0,0012470;0,0003632;0,0361936;
267;CLEMENTINA;549.615.391;223.893.297;6982;4152727;14762,10;0,0000000;0,000000;0,0000000;0,0012600;0,0001829;0,0231415;
268;COLINA;3.235.803.684;2.204.474.669;18486;10934224;36263,40;0,0000000;0,000000;0,0000000;0,0012340;0,0004601;0,1181177;
269;COLOMBIA;1.186.307.016;1.092.840.747;6629;7548801;56649,20;0,0100150;0,000459;0,0000000;0,0012820;0,0002047;0,0642626;
270;CONCHAL;1.409.794.397;753.759.621;28101;20505383;15709,00;0,0000000;0,000000;0,0000000;0,0016780;0,0007901;0,0578680;
271;CONCHAS;379.621.938;298.894.647;15232;10149500;38109,06;0,0029850;0,000000;0,0000000;0,0011020;0,0004060;0,0300563;
272;CORDEIROPOLIS;5.493.930.945;4.482.488.194;24514;32905767;8428,40;0,0000000;0,000000;0,0000000;0,0012820;0,0006799;0,2024986;
273;COROADOS;621.254.737;407.203.762;5400;3607400;25288,60;0,0000000;0,000000;0,0000000;0,0011670;0,0001510;0,0293338;
274;CORONEL MACEDO;256.413.640;312.830.750;4280;3059613;36173,30;0,0002663;0,128284;0,0009128;0,0013310;0,0000981;0,0244933;
275;CORUMBATAI;308.074.018;285.638.150;4195;7188766;21407,50;0,0000000;0,275715;0,0024710;0,0013310;0,0001266;0,0257635;
276;COSMOPOLIS;3.061.836.513;2.379.959.491;59773;39309984;9633,60;0,0000000;0,000000;0,0000000;0,0016510;0,0015188;0,1288453;
277;COSMORAMA;442.406.560;431.091.750;8719;5384363;35596,10;0,0000000;0,000000;0,0000000;0,0013530;0,0001655;0,0288108;
278;COTIA;16.247.803.287;15.473.860.657;274413;471893796;1204,70;0,0006660;0,088335;0,0090059;0,0030120;0,0067026;0,7201321;
279;CRAVINHOS;2.601.274.979;2.558.293.835;33281;40658313;24117,50;0,0000000;0,000000;0,0000000;0,0014380;0,0008819;0,1182072;
280;CRISTAIS PAULISTA;534.483.028;393.534.232;9272;4151486;30349,40;0,0000000;0,000000;0,0000000;0,0013530;0,0002427;0,0296640;
281;CRUZALIA;143.580.067;251.783.811;2108;1298685;23701,70;0,0008927;0,000000;0,0000000;0,0012820;0,0000418;0,0163999;
282;CRUZEIRO;2.531.170.638;2.105.829.156;74961;48478014;14541,90;0,0000000;0,531526;0,0000000;0,0016730;0,0017541;0,1237379;
283;CUBATAO;28.391.305.671;27.735.234.887;112476;447968153;9,60;0,0000000;0,954666;0,0000000;0,0030220;0,0026113;1,1254252;
284;CUNHA;242.096.089;190.594.605;22110;6817691;102493,80;0,0000000;0,776564;0,0000000;0,0010400;0,0005592;0,0446100;
285;DESCALVADO;2.636.329.562;2.219.789.291;31756;23567347;55256,30;0,0000000;0,000000;0,0000000;0,0014110;0,0008392;0,1162480;
286;DIADEMA;17.023.283.755;16.713.599.776;393237;428522572;0,00;0,0001501;0,000000;0,0001049;0,0030220;0,0083237;0,7692793;
722;DIRCE REIS;95.399.452;65.585.536;1620;582303;8125,67;0,0000000;0,000000;0,0000000;0,0012200;0,0000303;0,0085544;
287;DIVINOLANDIA;443.301.281;346.824.320;11158;4454268;20327,10;0,0000564;0,000000;0,0000000;0,0012120;0,0002909;0,0259591;
288;DOBRADA;185.706.543;196.713.652;8759;3134207;12351,40;0,0000000;0,000000;0,0000000;0,0011240;0,0000701;0,0143098;
289;DOIS CORREGOS;995.150.085;895.267.135;24510;16212227;52266,10;0,0039578;0,239360;0,0020519;0,0012740;0,0006126;0,0632933;
290;DOLCINOPOLIS;64.665.137;53.579.068;2207;412773;7195,57;0,0000000;0,000000;0,0000000;0,0000000;0,0000718;0,0074668;
291;DOURADO;798.114.237;1.049.704.970;8096;7090162;15500,00;0,0000000;0,000000;0,0000000;0,0009070;0,0002159;0,0442554;
292;DRACENA;825.770.149;766.971.855;45474;44062330;38481,40;0,0000000;0,176900;0,0000000;0,0015130;0,0010423;0,0577904;
293;DUARTINA;283.313.386;336.299.918;12328;7662657;24463,30;0,0000000;0,046261;0,0004998;0,0011320;0,0002875;0,0246206;
294;DUMONT;471.064.516;344.762.061;9471;5978394;10053,40;0,0000000;0,000000;0,0000000;0,0000000;0,0002636;0,0237161;
295;ECHAPORA;333.298.787;317.475.461;6205;4743677;46642,10;0,0000000;0,000000;0,0000000;0,0013310;0,0002087;0,0268364;
296;ELDORADO;154.250.457;114.179.307;13069;2686032;36672,40;0,0000000;2,709086;0,0570769;0,0000000;0,0003831;0,1035378;
297;ELIAS FAUSTO;1.470.050.472;1.276.366.138;17699;18031585;16368,90;0,0000000;0,000000;0,0000000;0,0011380;0,0005150;0,0653823;
743;ELISIARIO;77.052.225;127.154.238;3138;1768287;7226,40;0,0000000;0,000000;0,0000000;0,0013450;0,0000859;0,0100649;
723;EMBAUBA;210.999.047;98.669.570;2323;966241;6964,40;0,0000000;0,000000;0,0000000;0,0010580;0,0000556;0,0113463;
298;EMBU DAS ARTES;16.697.401.763;16.010.205.212;250691;181691618;79,90;0,0000000;0,000000;0,0011730;0,0000000;0,0059557;0,7050430;
299;EMBU-GUACU;749.106.898;1.228.809.118;66970;31480034;1131,40;0,0001281;0,000000;0,0042286;0,0014110;0,0014590;0,0664027;
744;EMILIANOPOLIS;57.874.351;72.674.070;3014;423189;21712,78;0,0000000;0,000000;0,0000000;0,0000000;0,0000830;0,0103747;
745;ENGENHEIRO COELHO;661.327.619;612.371.030;19566;13435581;8583,90;0,0000000;0,000000;0,0000000;0,0013400;0,0004423;0,0355775;
530;ESPIRITO SANTO DO PINHAL;1.509.435.380;1.391.121.654;39816;32413483;29088,60;0,0000487;0,000000;0,0000000;0,0016840;0,0007582;0,0751705;
724;ESPIRITO SANTO DO TURVO;267.336.800;247.065.508;4157;3123641;15827,50;0,0000000;0,000000;0,0000000;0,0013360;0,0001070;0,0176766;
746;ESTIVA GERBI;365.934.539;364.728.694;11295;8145581;5076,70;0,0000000;0,000000;0,0000000;0,0009340;0,0002296;0,0216163;
300;ESTRELA DO NORTE;77.774.173;104.765.316;2703;1473407;22504,90;0,0000000;0,000000;0,0000000;0,0012560;0,0000844;0,0121770;
301;ESTRELA D'OESTE;902.584.514;780.733.939;9417;4555625;26381,53;0,0000000;0,000000;0,0000000;0,0013180;0,0002359;0,0431484;
725;EUCLIDES DA CUNHA PAULISTA;170.048.311;166.980.906;7924;1414154;42330,10;0,0096203;0,000000;0,0000000;0,0011540;0,0002187;0,0249472;
302;FARTURA;583.450.034;559.740.686;16641;8419796;32508,30;0,0140403;0,364566;0,0024994;0,0012560;0,0004764;0,0503854;
303;FERNANDO PRESTES;276.077.867;282.527.284;5942;3346061;14408,50;0,0000000;0,000000;0,0000000;0,0012780;0,0001557;0,0188800;
304;FERNANDOPOLIS;1.774.379.005;1.503.445.166;71186;60389986;44816,20;0,0000000;0,000000;0,0000000;0,0016950;0,0016571;0,0974803;
786;FERNAO;63.797.946;57.350.166;1656;437691;8744,10;0,0000000;0,000000;0,0000000;0,0013310;0,0000404;0,0080876;
305;FERRAZ DE VASCONCELOS;2.476.677.584;2.250.217.879;179198;76142876;61,20;0,0000000;0,000000;0,0000000;0,0030420;0,0053055;0,1635029;
306;FLORA RICA;51.447.976;68.946.149;1487;657897;19557,40;0,0000000;0,000000;0,0000000;0,0012070;0,0000388;0,0098739;
307;FLOREAL;125.112.203;113.396.103;2733;1317667;17546,80;0,0000000;0,000000;0,0000000;0,0012600;0,0000664;0,0121497;
308;FLORIDA PAULISTA;246.764.573;267.887.817;12958;5609661;46896,00;0,0000000;0,000000;0,0000000;0,0013360;0,0002869;0,0255492;
309;FLORINEA;182.115.489;291.906.640;3851;4348661;26124,00;0,0049465;0,000000;0,0000000;0,0013000;0,0000312;0,0204404;
310;FRANCA;9.027.818.934;7.227.551.840;352536;359913375;37008,80;0,0000000;0,000000;0,0000000;0,0026490;0,0080332;0,4368739;
311;FRANCISCO MORATO;831.381.141;761.167.472;165139;52837329;22,70;0,0000000;0,000000;0,0006983;0,0030420;0,0048317;0,0983389;
312;FRANCO DA ROCHA;3.959.205.619;2.114.094.511;144849;101834437;1712,30;0,0002479;0,287306;0,0000783;0,0023880;0,0037512;0,1733777;
313;GABRIEL MONTEIRO;107.414.797;108.195.739;2763;1175639;12515,80;0,0000000;0,000000;0,0000000;0,0013310;0,0000741;0,0109757;
314;GALIA;184.308.826;176.268.090;6380;3633634;25174,80;0,0000000;0,258270;0,0007427;0,0013310;0,0001446;0,0202580;
315;GARCA;1.452.393.439;1.229.469.834;42110;31491346;43431,80;0,0000000;0,000000;0,0000000;0,0016670;0,0010625;0,0768266;
316;GASTAO VIDIGAL;201.174.384;186.511.324;3252;731046;15156,53;0,0000000;0,000000;0,0000000;0,0013180;0,0000561;0,0144564;
787;GAVIAO PEIXOTO;633.639.810;321.058.718;4702;13719469;21335,70;0,0000000;0,000000;0,0000000;0,0012600;0,0001400;0,0275698;
317;GENERAL SALGADO;322.903.993;452.778.483;10312;4044274;41232,30;0,0000000;0,000000;0,0000000;0,0009470;0,0002466;0,0287307;
318;GETULINA;354.357.830;362.682.788;10232;3685171;58969,34;0,0000000;0,000000;0,0000000;0,0012430;0,0002360;0,0306099;
319;GLICERIO;237.559.978;294.380.408;4138;4006303;23787,00;0,0038801;0,000000;0,0000000;0,0009600;0,0001297;0,0214706;
320;GUAICARA;527.507.880;523.855.516;11239;4579512;21636,71;0,0030670;0,000000;0,0000000;0,0013360;0,0003249;0,0331159;
321;GUAIMBE;191.850.650;208.158.360;5512;1455864;19038,56;0,0000000;0,000000;0,0000000;0,0012470;0,0001606;0,0166273;
322;GUAIRA;4.433.945.492;3.582.698.692;39279;25318661;128382,00;0,0114051;0,000000;0,0000000;0,0000000;0,0008836;0,1939624;
323;GUAPIACU;1.220.238.372;1.103.411.415;21711;10603437;27565,50;0,0000000;0,000000;0,0000000;0,0011460;0,0004633;0,0586664;
324;GUAPIARA;417.347.521;424.705.928;17071;2542099;22631,20;0,0000000;0,016482;0,0084186;0,0000000;0,0004743;0,0375453;
325;GUARA;1.251.251.205;1.166.176.988;18606;12267513;29922,10;0,0000000;0,000000;0,0000000;0,0013530;0,0005093;0,0614071;
326;GUARACAI;413.438.335;406.980.129;7441;4166254;48704,00;0,0000000;0,243231;0,0000000;0,0000000;0,0001750;0,0318162;
327;GUARACI;934.362.832;844.369.080;10350;5591527;43756,20;0,0164576;0,000000;0,0000000;0,0013360;0,0002830;0,0568037;
328;GUARANI D'OESTE;65.901.539;44.908.999;1968;538046;7239,40;0,0000000;0,000000;0,0000000;0,0013530;0,0000495;0,0077542;
329;GUARANTA;254.290.704;262.531.586;6427;4073004;35564,56;0,0000000;0,000000;0,0000000;0,0013310;0,0001760;0,0220420;
330;GUARARAPES;1.638.574.342;1.611.321.357;31043;19891835;86915,30;0,0006158;0,000000;0,0000000;0,0016120;0,0008271;0,0917829;
331;GUARAREMA;2.026.401.520;1.971.488.043;31236;59628974;15486,70;0,0000000;0,002395;0,0000231;0,0016950;0,0009820;0,0969192;
332;GUARATINGUETA;5.807.650.076;4.472.019.453;118044;102208087;44472,70;0,0000000;0,000211;0,0115949;0,0030510;0,0027541;0,2569736;
333;GUAREI;412.032.581;392.982.884;15013;3352277;45966,60;0,0000000;0,224460;0,0019025;0,0012560;0,0003805;0,0359527;
334;GUARIBA;1.550.122.272;925.970.940;37498;21597940;22141,60;0,0000000;0,000000;0,0000000;0,0016450;0,0010132;0,0677934;
335;GUARUJA;6.168.377.014;5.253.002.981;287634;1100844263;587,10;0,0000000;0,009161;0,0038980;0,0030220;0,0056585;0,3502274;
336;GUARULHOS;83.645.213.924;78.061.501.122;1291771;1843610432;602,00;0,0000000;0,891162;0,0000977;0,0193850;0,0265649;3,5002272;
726;GUATAPARA;528.531.067;487.055.122;7320;5248386;30774,50;0,0000000;0,001888;0,0000000;0,0000000;0,0001882;0,0301587;
337;GUZOLANDIA;231.844.778;149.899.004;4246;1573677;26160,60;0,0006208;0,000000;0,0000000;0,0013400;0,0001212;0,0173160;
338;HERCULANDIA;570.536.294;496.411.561;9125;3982991;31858,30;0,0000000;0,000000;0,0000000;0,0013310;0,0002482;0,0326190;
747;HOLAMBRA;1.946.366.737;2.010.913.389;15094;27863789;4257,50;0,0000000;0,012869;0,0000252;0,0013400;0,0003684;0,0852566;
748;HORTOLANDIA;10.930.556.243;13.131.118.704;236641;377097074;543,10;0,0000000;0,000000;0,0000000;0,0030120;0,0061741;0,5555613;
339;IACANGA;793.372.545;713.707.533;10437;7259124;42219,70;0,0061184;0,000000;0,0000000;0,0012820;0,0002253;0,0456824;
340;IACRI;423.761.414;376.343.285;6131;3772959;26371,20;0,0000000;0,000000;0,0000000;0,0012430;0,0000486;0,0242836;
727;IARAS;379.295.773;429.066.264;8010;6130961;26457,90;0,0000000;0,000000;0,0000000;0,0013360;0,0001900;0,0263162;
341;IBATE;1.297.645.207;623.412.200;32178;14633877;23709,20;0,0000000;0,000000;0,0000000;0,0000000;0,0010140;0,0561980;
342;IBIRA;282.076.519;294.585.499;11690;6756103;22397,30;0,0000000;0,000000;0,0000000;0,0012560;0,0002847;0,0224267;
343;IBIRAREMA;381.693.151;461.149.658;6385;5566326;31037,30;0,0005991;0,000000;0,0000000;0,0013310;0,0001677;0,0277254;
344;IBITINGA;2.311.516.460;2.195.077.818;60033;30183777;47919,80;0,0075989;0,594521;0,0038430;0,0000000;0,0013696;0,1289052;
345;IBIUNA;2.722.593.445;2.318.926.886;75605;67801109;14452,10;0,0040285;2,195911;0,0204703;0,0016510;0,0022085;0,1764091;
346;ICEM;817.062.982;1.576.288.541;7819;5675025;24138,10;0,0059166;0,000000;0,0000000;0,0011460;0,0001907;0,0590729;
347;IEPE;306.018.188;551.113.660;7619;4722705;44759,34;0,0130150;0,000000;0,0000000;0,0013310;0,0001995;0,0370402;
348;IGARACU DO TIETE;215.924.582;183.775.519;23106;9077193;6230,50;0,0008316;0,000000;0,0000000;0,0010340;0,0006292;0,0210000;
349;IGARAPAVA;1.719.333.353;1.368.134.715;26212;13723050;34510,10;0,0044742;0,000000;0,0000000;0,0014380;0,0005857;0,0781672;
350;IGARATA;167.418.007;143.330.955;10605;17346635;10782,40;0,0025576;0,000000;0,0043913;0,0010530;0,0003139;0,0217363;
351;IGUAPE;138.875.124;139.716.939;29115;16930616;16372,80;0,0000000;5,701437;0,0442884;0,0016670;0,0008280;0,1245184;
767;ILHA COMPRIDA;75.311.653;75.640.369;13419;30305262;33,70;0,0000000;0,271672;0,0062472;0,0000000;0,0004331;0,0217095;
749;ILHA SOLTEIRA;3.197.484.839;3.387.093.792;25549;13674284;40522,90;0,0278825;0,000000;0,0000000;0,0015900;0,0005957;0,1572660;
352;ILHABELA;453.494.580;512.848.349;34934;87970551;249,00;0,0000000;2,836605;0,0000000;0,0016950;0,0008682;0,0658612;
353;INDAIATUBA;17.702.428.038;16.924.611.083;255748;515276343;12894,00;0,0000000;0,034960;0,0001706;0,0030710;0,0063655;0,7646701;
354;INDIANA;75.053.358;61.423.314;5090;1579823;11097,50;0,0000000;0,000000;0,0000000;0,0012250;0,0001250;0,0098626;
355;INDIAPORA;269.386.056;222.801.333;4035;2034745;19686,84;0,0078144;0,000000;0,0000000;0,0011630;0,0000995;0,0215867;
356;INUBIA PAULISTA;102.333.618;98.723.825;3615;1451217;6883,20;0,0000000;0,000000;0,0000000;0,0012470;0,0001065;0,0100950;
357;IPAUSSU;885.121.101;423.392.668;13712;4410138;18582,70;0,0013131;0,000000;0,0000000;0,0013140;0,0003703;0,0368425;
358;IPERO;860.399.579;872.430.835;36459;31691806;6884,40;0,0000000;0,000000;0,0030150;0,0016510;0,0009481;0,0543260;
359;IPEUNA;364.779.890;342.843.477;6831;7421379;15015,70;0,0000000;0,209818;0,0017123;0,0000000;0,0002043;0,0257097;
784;IPIGUA;218.987.849;215.745.238;6761;3687809;11587,70;0,0000000;0,000000;0,0000000;0,0010580;0,0001678;0,0161317;
360;IPORANGA;14.370.908;14.122.437;4046;684191;5201,40;0,0000000;4,300857;0,0333493;0,0013530;0,0001389;0,0833089;
361;IPUA;525.680.383;668.200.926;14454;9224878;44824,70;0,0000000;0,000000;0,0000000;0,0012650;0,0003523;0,0389842;
362;IRACEMAPOLIS;1.153.145.686;907.334.210;21967;26856533;8077,70;0,0000000;0,000000;0,0000000;0,0010130;0,0005652;0,0521029;
363;IRAPUA;338.285.437;333.470.376;6867;2247004;21023,60;0,0012451;0,000000;0,0000000;0,0010400;0,0002023;0,0231477;
364;IRAPURU;100.121.193;118.393.094;7085;2092689;20345,70;0,0000000;0,000000;0,0000000;0,0012960;0,0001875;0,0138575;
365;ITABERA;1.083.166.225;1.266.500.360;17983;10228318;139012,10;0,0000000;0,014031;0,0000000;0,0010390;0,0001429;0,0749165;
366;ITAI;1.571.658.776;1.741.168.755;25180;28731741;102459,80;0,0185740;0,000000;0,0000000;0,0016450;0,0006507;0,1029823;
367;ITAJOBI;1.014.025.075;909.912.710;16989;13172474;39543,90;0,0000000;0,000000;0,0000000;0,0012560;0,0004647;0,0531894;
368;ITAJU;177.021.833;160.342.617;3618;1869428;15033,40;0,0042890;0,000000;0,0000000;0,0012510;0,0001020;0,0161725;
369;ITANHAEM;929.425.047;857.670.646;112476;151121399;3623,10;0,0000000;1,931100;0,0130511;0,0028260;0,0030976;0,1173622;
750;ITAOCA;29.846.217;30.470.954;3422;1290805;10549,10;0,0000000;0,000000;0,0045006;0,0011580;0,0000975;0,0124196;
370;ITAPECERICA DA SERRA;3.426.159.004;3.311.855.089;158522;106953196;195,50;0,0001517;0,000000;0,0037462;0,0000000;0,0043639;0,1939320;
371;ITAPETININGA;6.703.220.429;6.185.857.149;157790;102601239;153176,32;0,0000000;0,000000;0,0000000;0,0028750;0,0037522;0,3264637;
372;ITAPEVA;2.791.640.012;2.814.609.097;89728;73741266;231276,17;0,0000000;0,007064;0,0000000;0,0015240;0,0023891;0,1831150;
373;ITAPEVI;13.427.799.493;13.254.312.169;232297;177366358;159,60;0,0000000;0,000000;0,0014734;0,0028360;0,0069549;0,6036222;
374;ITAPIRA;4.206.494.709;4.242.075.201;72022;77124251;36137,50;0,0000000;0,000000;0,0000000;0,0016450;0,0015864;0,1935730;
768;ITAPIRAPUA PAULISTA;94.962.319;67.242.003;4306;1730602;22521,90;0,0000000;0,000000;0,0087707;0,0011090;0,0001214;0,0209492;
375;ITAPOLIS;2.168.750.983;2.064.208.360;39493;33371951;86906,70;0,0000000;0,000000;0,0000000;0,0016840;0,0009291;0,1121062;
376;ITAPORANGA;213.878.964;306.177.615;14085;4564278;40152,80;0,0028933;0,203377;0,0015071;0,0000000;0,0003827;0,0299123;
377;ITAPUI;868.646.470;844.884.754;13659;8068867;9704,20;0,0020686;0,000000;0,0000000;0,0011050;0,0003748;0,0437241;
378;ITAPURA;132.942.242;199.593.536;3979;3935618;24415,40;0,0082914;0,000000;0,0000000;0,0012600;0,0001048;0,0199021;
379;ITAQUAQUECETUBA;7.249.184.967;6.671.230.805;369275;173699397;393,20;0,0000000;0,020878;0,0001295;0,0030420;0,0105900;0,4080554;
380;ITARARE;1.021.449.179;1.108.070.477;44438;29900975;89361,60;0,0000000;0,000000;0,0000000;0,0016120;0,0011810;0,0758444;
381;ITARIRI;123.294.619;99.665.048;15528;6710283;3524,10;0,0000000;0,374546;0,0083186;0,0010490;0,0004326;0,0262522;
382;ITATIBA;7.263.923.596;6.672.782.682;121590;190794907;16213,10;0,0000000;0,000000;0,0000000;0,0028160;0,0029675;0,3164295;
383;ITATINGA;611.096.399;506.228.894;19070;17484962;73829,26;0,0049420;0,501881;0,0055652;0,0012470;0,0005077;0,0577237;
384;ITIRAPINA;3.504.714.073;2.539.436.143;16148;20896277;40081,90;0,0000000;0,612377;0,0055194;0,0013530;0,0004702;0,1423671;
385;ITIRAPUA;234.257.188;150.039.947;5779;1344749;12439,70;0,0000000;0,000000;0,0000000;0,0000000;0,0001416;0,0143031;
386;ITOBI;181.544.590;165.544.559;8046;2254986;13320,00;0,0000000;0,000000;0,0000000;0,0010050;0,0000643;0,0135966;
387;ITU;10.093.700.408;9.664.552.098;168240;318293886;23877,80;0,0000000;0,060021;0,0007263;0,0028450;0,0040452;0,4487754;
388;ITUPEVA;8.724.985.165;8.172.777.966;70616;158516312;7293,00;0,0000000;0,030002;0,0002362;0,0015410;0,0016905;0,3527080;
389;ITUVERAVA;1.383.376.339;1.614.710.502;37571;30817451;66341,90;0,0000000;0,000000;0,0000000;0,0015190;0,0008991;0,0849186;
390;JABORANDI;393.036.562;389.277.269;6221;2893191;23662,40;0,0000000;0,000000;0,0000000;0,0013090;0,0001638;0,0247741;
391;JABOTICABAL;2.970.974.896;3.047.595.809;71821;97461548;65386,30;0,0000000;0,000000;0,0000000;0,0016950;0,0016471;0,1545231;
392;JACAREI;12.535.167.931;12.397.611.106;240275;231394878;22456,40;0,0032836;0,000000;0,0000000;0,0028940;0,0057199;0,5640645;
393;JACI;782.165.493;717.945.852;7613;3120645;11421,36;0,0000000;0,000000;0,0000000;0,0010580;0,0002091;0,0365884;
394;JACUPIRANGA;320.275.064;225.637.388;16097;7786798;21036,30;0,0000000;0,792988;0,0187130;0,0010930;0,0004282;0,0499291;
395;JAGUARIUNA;9.958.926.726;11.323.593.540;59347;114475992;7379,20;0,0000000;0,153080;0,0007176;0,0016510;0,0014247;0,4328168;
396;JALES;1.252.808.337;1.159.553.825;48776;42802298;32667,61;0,0000000;0,000000;0,0000000;0,0016070;0,0012213;0,0725355;
397;JAMBEIRO;466.489.904;547.830.723;6397;10550325;11151,70;0,0010841;0,000000;0,0000000;0,0013530;0,0001847;0,0282082;
398;JANDIRA;3.978.575.671;3.782.697.121;118045;98266511;0,00;0,0000000;0,000000;0,0000000;0,0025740;0,0025972;0,1889101;
399;JARDINOPOLIS;1.945.665.213;1.827.720.954;45282;32415185;40767,80;0,0000000;0,000000;0,0000000;0,0000000;0,0010001;0,0956564;
400;JARINU;7.581.689.805;6.522.450.093;37535;64098283;6019,50;0,0000000;0,054414;0,0030724;0,0011850;0,0010771;0,2897661;
401;JAU;4.042.478.154;3.376.617.446;133497;139037823;48608,40;0,0012226;0,000000;0,0000000;0,0030510;0,0030471;0,1989383;
402;JERIQUARA;242.767.070;182.049.204;3863;1562822;10994,70;0,0000000;0,000000;0,0000000;0,0012070;0,0001023;0,0149280;
403;JOANOPOLIS;142.565.627;137.138.153;12815;12043062;26126,50;0,0011803;0,390323;0,0057665;0,0012120;0,0002991;0,0281615;
404;JOAO RAMALHO;208.203.027;214.679.964;4371;1340418;35950,30;0,0000000;0,000000;0,0000000;0,0011240;0,0001082;0,0192679;
405;JOSE BONIFACIO;1.722.599.186;1.443.072.818;36633;24110093;70622,80;0,0017539;0,000000;0,0000000;0,0000000;0,0007225;0,0862879;
406;JULIO MESQUITA;63.997.303;55.931.903;4254;1209755;9926,10;0,0000000;0,000000;0,0000000;0,0012510;0,0001301;0,0093672;
788;JUMIRIM;263.931.364;228.265.124;3056;2509211;4377,40;0,0000000;0,186447;0,0004209;0,0013090;0,0000799;0,0171725;
407;JUNDIAI;44.825.572.814;44.883.991.510;443221;980616199;10414,80;0,0000000;0,426977;0,0071792;0,0030120;0,0103550;1,8870982;
408;JUNQUEIROPOLIS;867.986.471;796.367.738;20448;13263620;48010,80;0,0000000;0,133271;0,0000000;0,0012030;0,0005986;0,0527200;
409;JUQUIA;229.605.020;210.870.304;17154;7690394;12606,40;0,0004316;0,565916;0,0298987;0,0011240;0,0004889;0,0564003;
410;JUQUITIBA;346.886.920;332.383.917;27404;16168407;1428,70;0,0008481;0,357756;0,0186574;0,0015570;0,0006941;0,0491954;
411;LAGOINHA;73.742.698;63.800.318;5083;1652139;19594,70;0,0000000;0,000000;0,0000000;0,0013450;0,0001332;0,0115012;
412;LARANJAL PAULISTA;1.422.033.285;1.367.917.958;26261;18538762;33236,00;0,0001801;0,000000;0,0000000;0,0016840;0,0007135;0,0721541;
413;LAVINIA;263.028.127;260.704.178;9689;2624636;46547,60;0,0011392;0,000000;0,0000000;0,0012870;0,0001863;0,0247952;
414;LAVRINHAS;221.203.039;214.846.288;7171;4073664;6219,80;0,0000000;0,000000;0,0025245;0,0011290;0,0001821;0,0179844;
415;LEME;3.379.196.462;3.146.513.295;98161;115300712;29101,70;0,0000000;0,000000;0,0000000;0,0013010;0,0025715;0,1696190;
416;LENCOIS PAULISTA;7.489.097.981;5.670.280.548;66505;65966963;67448,20;0,0000000;0,000000;0,0000000;0,0015570;0,0016618;0,2864405;
417;LIMEIRA;16.288.588.058;15.186.984.907;291869;404303125;33608,40;0,0000000;0,000000;0,0000000;0,0029830;0,0073064;0,7148641;
418;LINDOIA;281.654.662;257.452.531;7014;6132304;3079,60;0,0000000;0,000000;0,0000000;0,0000000;0,0001471;0,0159884;
419;LINS;4.329.427.226;3.978.069.367;74779;45240778;43759,87;0,0024462;0,000000;0,0000000;0,0015740;0,0017033;0,1930666;
420;LORENA;2.104.301.530;2.086.686.415;84855;63546861;29120,60;0,0000000;0,000000;0,0000000;0,0015630;0,0019442;0,1159972;
769;LOURDES;61.870.903;124.993.633;1950;960914;9618,60;0,0000243;0,000000;0,0000000;0,0012910;0,0000583;0,0097488;
421;LOUVEIRA;14.858.068.522;12.435.240.489;51847;103512098;981,35;0,0000000;0,000000;0,0000000;0,0016510;0,0013936;0,5389298;
422;LUCELIA;576.889.692;506.316.984;20061;11578205;25621,30;0,0000000;0,000000;0,0000000;0,0012070;0,0004984;0,0353946;
423;LUCIANOPOLIS;172.284.377;175.302.274;2372;716499;14029,70;0,0000000;0,000000;0,0000000;0,0013360;0,0000668;0,0136057;
424;LUIS ANTONIO;2.256.261.664;2.256.087.475;12265;11984821;31350,63;0,0000000;0,800797;0,0000000;0,0000000;0,0003353;0,1062727;
425;LUIZIANIA;121.530.408;140.426.969;4701;1361596;14298,50;0,0000000;0,000000;0,0000000;0,0012430;0,0001537;0,0130949;
426;LUPERCIO;126.855.667;78.741.453;3981;1263543;11319,60;0,0000000;0,000000;0,0000000;0,0013310;0,0001045;0,0109421;
427;LUTECIA;284.691.384;259.536.709;2661;960520;39757,30;0,0000000;0,000000;0,0000000;0,0013310;0,0000761;0,0218424;
428;MACATUBA;1.164.432.242;922.347.405;16829;5951322;17734,70;0,0017480;0,000000;0,0000000;0,0013180;0,0004389;0,0526834;
429;MACAUBAL;214.034.515;189.887.904;7481;5305561;21292,70;0,0000000;0,000000;0,0000000;0,0000000;0,0002106;0,0172587;
430;MACEDONIA;260.402.698;238.453.619;3963;2386308;28868,40;0,0008147;0,000000;0,0000000;0,0000000;0,0001020;0,0192683;
431;MAGDA;219.963.084;208.799.834;3165;1484267;23821,90;0,0000000;0,000000;0,0000000;0,0011460;0,0000989;0,0171402;
432;MAIRINQUE;1.534.070.561;1.520.085.995;50027;39471092;3993,80;0,0005464;0,069936;0,0035796;0,0000000;0,0012267;0,0834441;
433;MAIRIPORA;1.773.959.704;1.635.969.908;93853;99792220;678,60;0,0009021;0,839194;0,0069622;0,0016670;0,0025067;0,1204731;
434;MANDURI;235.336.498;442.185.692;9871;5371157;19654,70;0,0000138;0,000000;0,0000000;0,0000000;0,0002538;0,0228746;
435;MARABA PAULISTA;269.965.627;170.415.238;4573;1783822;80621,50;0,0000000;0,000000;0,0000000;0,0011980;0,0001100;0,0273032;
436;MARACAI;654.980.505;1.089.938.356;12673;7100187;68837,80;0,0056595;0,000000;0,0000000;0,0012600;0,0003823;0,0566642;
751;MARAPOAMA;362.225.292;326.568.492;3292;2121055;10218,90;0,0000000;0,000000;0,0000000;0,0012560;0,0001000;0,0197813;
437;MARIAPOLIS;43.072.308;31.205.641;3513;865456;17305,30;0,0000000;0,000000;0,0000000;0,0012960;0,0000817;0,0092159;
438;MARILIA;7.229.715.997;6.936.229.279;237627;300494964;82267,60;0,0000000;0,046874;0,0000000;0,0028450;0,0052020;0,3677726;
439;MARINOPOLIS;52.080.927;42.388.689;1860;543223;7416,89;0,0003152;0,000000;0,0000000;0,0010930;0,0000587;0,0076088;
440;MARTINOPOLIS;873.224.896;798.094.884;24881;12796534;104644,70;0,0000000;0,000000;0,0000000;0,0013450;0,0006575;0,0621613;
441;MATAO;4.608.646.206;5.637.434.146;79033;68822591;38571,20;0,0000000;0,000000;0,0000000;0,0016230;0,0015392;0,2278911;
442;MAUA;23.442.878.365;21.230.129.607;418261;342745472;24,70;0,0000000;0,000000;0,0000000;0,0030220;0,0063344;0,9489553;
443;MENDONCA;824.145.013;498.013.419;6159;5546924;13248,00;0,0023186;0,000000;0,0000000;0,0011380;0,0001668;0,0341609;
444;MERIDIANO;643.316.690;840.094.321;4572;2317284;18310,60;0,0000000;0,000000;0,0000000;0,0000000;0,0001185;0,0359328;
770;MESOPOLIS;97.850.419;107.447.038;1952;295359;13290,48;0,0018351;0,000000;0,0000000;0,0000000;0,0000498;0,0108274;
445;MIGUELOPOLIS;992.748.325;1.187.939.782;19441;11503192;87782,20;0,0166840;0,000000;0,0000000;0,0011110;0,0004316;0,0744633;
446;MINEIROS DO TIETE;226.650.336;222.961.667;11230;5998413;16174,50;0,0021797;0,161494;0,0007966;0,0012740;0,0002577;0,0221095;
447;MIRA ESTRELA;85.653.303;94.285.909;3126;984383;12941,60;0,0100471;0,000000;0,0000000;0,0012160;0,0000899;0,0155297;
448;MIRACATU;303.297.218;293.629.298;18553;14726622;9369,30;0,0006205;0,983820;0,0361193;0,0013310;0,0006170;0,0711963;
449;MIRANDOPOLIS;843.966.372;764.057.034;27983;13413783;75047,50;0,0010720;0,000000;0,0000000;0,0016290;0,0005775;0,0558384;
450;MIRANTE DO PARANAPANEMA;1.293.767.417;907.250.879;15917;8523738;101255,50;0,0020263;0,000000;0,0000000;0,0012430;0,0003570;0,0683962;
451;MIRASSOL;2.402.759.380;2.374.341.009;63337;67334032;17950,50;0,0000000;0,022861;0,0000000;0,0013170;0,0015152;0,1196992;
452;MIRASSOLANDIA;215.957.769;146.066.583;4669;817772;12925,60;0,0000000;0,000000;0,0000000;0,0013310;0,0001310;0,0144509;
453;MOCOCA;3.077.992.326;2.649.050.036;67681;63580407;63801,10;0,0002445;0,000000;0,0000000;0,0013390;0,0014339;0,1442409;
454;MOGI DAS CRUZES;14.670.806.222;14.479.047.011;451505;617210309;17367,50;0,0050515;0,090905;0,0129752;0,0030910;0,0117325;0,7512572;
455;MOGI GUACU;7.504.744.452;6.788.535.637;153658;114650346;58011,80;0,0000000;0,117623;0,0000000;0,0016840;0,0038110;0,3379992;
456;MOGI MIRIM;6.372.743.390;5.974.261.350;92558;142068424;36005,20;0,0000000;0,000000;0,0000000;0,0030710;0,0020967;0,2769769;
457;MOMBUCA;99.056.723;103.539.608;3722;1440685;10021,90;0,0000000;0,000000;0,0000000;0,0011020;0,0001187;0,0107356;
458;MONCOES;260.016.236;243.102.292;1937;2126267;9357,00;0,0000000;0,000000;0,0000000;0,0013400;0,0000511;0,0155927;
459;MONGAGUA;432.936.184;400.182.775;61951;110526418;165,30;0,0000000;0,700238;0,0034710;0,0016560;0,0016807;0,0565821;
460;MONTE ALEGRE DO SUL;165.572.432;145.774.440;8627;6731544;6193,80;0,0000000;0,221113;0,0016164;0,0013180;0,0002064;0,0174785;
461;MONTE ALTO;2.609.267.063;2.358.256.838;47574;44253405;26075,00;0,0000000;0,000207;0,0000000;0,0015850;0,0010205;0,1172032;
462;MONTE APRAZIVEL;940.078.111;1.015.661.831;22280;14948780;44834,96;0,0000000;0,000000;0,0000000;0,0000000;0,0004944;0,0548391;
463;MONTE AZUL PAULISTA;946.417.557;782.030.357;18151;15263146;21651,90;0,0000000;0,000000;0,0000000;0,0012470;0,0003732;0,0455286;
464;MONTE CASTELO;185.019.361;164.948.173;4222;1032242;14093,10;0,0000000;0,267455;0,0000000;0,0012600;0,0001173;0,0169362;
465;MONTE MOR;4.111.555.536;3.927.973.581;64662;64503230;14973,10;0,0000000;0,000000;0,0000000;0,0016840;0,0016772;0,1821744;
466;MONTEIRO LOBATO;30.558.591;35.174.677;4138;2352606;15244,00;0,0000000;0,000000;0,0076341;0,0012560;0,0001203;0,0168480;
467;MORRO AGUDO;2.353.346.049;2.144.273.904;27933;18989797;129764,60;0,0000000;0,000000;0,0000000;0,0015850;0,0007151;0,1207953;
468;MORUNGABA;619.916.927;619.894.774;13720;7210594;8439,20;0,0000000;0,194013;0,0011618;0,0013180;0,0003124;0,0360524;
729;MOTUCA;206.244.309;252.839.115;4034;892259;15992,50;0,0000000;0,000000;0,0000000;0,0011490;0,0001132;0,0165718;
469;MURUTINGA DO SUL;196.584.042;164.646.279;3737;1725417;20646,00;0,0000000;0,000000;0,0000000;0,0000000;0,0001273;0,0150848;
789;NANTES;174.026.242;278.385.775;2660;1134452;22787,49;0,0060306;0,000000;0,0000000;0,0013090;0,0000592;0,0201050;
470;NARANDIBA;1.127.816.862;899.477.598;5713;5444099;32183,90;0,0028303;0,023320;0,0000000;0,0013140;0,0001769;0,0514255;
471;NATIVIDADE DA SERRA;57.239.326;42.923.079;6999;1566449;37867,40;0,0153750;0,638600;0,0124961;0,0012560;0,0001721;0,0409751;
472;NAZARE PAULISTA;369.404.881;350.809.464;18217;23185847;10831,60;0,0038679;0,642910;0,0056041;0,0009650;0,0004492;0,0398175;
473;NEVES PAULISTA;343.312.283;335.089.792;9699;5367473;20815,81;0,0000000;0,000000;0,0000000;0,0000000;0,0002117;0,0224703;
474;NHANDEARA;583.113.465;429.147.147;9852;6778293;37385,80;0,0000000;0,000000;0,0000000;0,0013530;0,0002191;0,0323432;
475;NIPOA;111.099.750;125.586.801;4750;2033928;11538,20;0,0000000;0,000000;0,0000000;0,0011230;0,0001132;0,0116694;
476;NOVA ALIANCA;335.321.688;320.886.707;6693;2059610;17231,50;0,0000000;0,000000;0,0000000;0,0012650;0,0001930;0,0215668;
771;NOVA CAMPINA;421.195.667;471.503.391;8497;8626939;23505,10;0,0000000;0,000000;0,0072669;0,0011450;0,0002792;0,0356884;
752;NOVA CANAA PAULISTA;34.082.501;28.408.879;2032;516208;12275,09;0,0005783;0,000000;0,0000000;0,0012290;0,0000468;0,0079207;
790;NOVA CASTILHO;98.385.558;108.669.757;1062;604604;16791,30;0,0000000;0,000000;0,0000000;0,0011670;0,0000280;0,0108642;
477;NOVA EUROPA;742.305.401;613.984.032;9311;5548341;13368,40;0,0000000;0,000000;0,0000000;0,0011380;0,0002412;0,0347569;
478;NOVA GRANADA;701.103.300;658.160.124;19419;8872314;49780,61;0,0000000;0,000000;0,0000000;0,0011460;0,0005035;0,0446385;
479;NOVA GUATAPORANGA;23.358.683;25.018.395;2156;492756;2818,20;0,0000000;0,000000;0,0000000;0,0012650;0,0000733;0,0060569;
480;NOVA INDEPENDENCIA;606.949.070;794.870.573;4609;2654020;21570,50;0,0000000;0,226294;0,0000000;0,0010890;0,0001662;0,0383014;
481;NOVA LUZITANIA;94.687.575;160.421.200;2837;1269906;6268,40;0,0000000;0,000000;0,0000000;0,0013530;0,0000777;0,0107455;
482;NOVA ODESSA;3.963.910.510;3.829.950.470;62019;90235100;2796,20;0,0001129;0,000000;0,0000000;0,0016510;0,0015015;0,1746867;
753;NOVAIS;110.812.788;123.937.205;4412;1536291;10189,80;0,0000000;0,000000;0,0000000;0,0000000;0,0001355;0,0110450;
483;NOVO HORIZONTE;2.116.103.286;2.039.214.678;38324;29249698;65442,50;0,0190155;0,000000;0,0000000;0,0015740;0,0010250;0,1172285;
484;NUPORANGA;745.057.732;840.171.172;7391;4379650;35108,70;0,0000147;0,000000;0,0000000;0,0000000;0,0001973;0,0417721;
485;OCAUCU;216.844.398;161.256.145;4331;1683047;23182,70;0,0000000;0,000000;0,0000000;0,0000000;0,0001242;0,0158140;
486;OLEO;98.452.702;134.133.829;2512;743358;19944,50;0,0000000;0,000000;0,0000000;0,0013310;0,0000724;0,0125468;
487;OLIMPIA;2.685.884.356;2.479.150.333;55074;84801089;70689,40;0,0000000;0,000000;0,0000000;0,0013280;0,0016101;0,1372351;
488;ONDA VERDE;503.854.997;552.747.053;4771;5204897;21741,45;0,0000000;0,000000;0,0000000;0,0012650;0,0001239;0,0292257;
489;ORIENTE;122.801.624;135.253.516;6085;3614516;17966,60;0,0000000;0,000000;0,0000000;0,0010130;0,0001549;0,0137153;
490;ORINDIUVA;867.630.781;596.765.704;6024;5942396;20454,20;0,0009521;0,000000;0,0000000;0,0000000;0,0001353;0,0365300;
491;ORLANDIA;2.305.052.577;2.151.866.028;38319;33755526;26050,20;0,0000000;0,000000;0,0000000;0,0014750;0,0008926;0,1052742;
492;OSASCO;20.799.030.910;18.497.376.507;728615;2407576950;0,00;0,0000000;0,017435;0,0000258;0,0000000;0,0170467;1,0754777;
493;OSCAR BRESSANE;108.595.719;96.541.528;2470;1187587;18538,30;0,0000000;0,000000;0,0000000;0,0013310;0,0000724;0,0117753;
494;OSVALDO CRUZ;590.938.912;605.981.628;31272;18579189;18958,60;0,0000000;0,000000;0,0000000;0,0016730;0,0006779;0,0394881;
495;OURINHOS;3.278.063.383;2.654.633.293;103970;118087339;26605,50;0,0003635;0,000000;0,0000000;0,0030510;0,0024600;0,1579870;
496;OURO VERDE;190.077.607;142.802.579;7779;1610063;22508,10;0,0017237;0,265402;0,0000000;0,0012380;0,0002478;0,0204982;
791;OUROESTE;1.871.033.962;1.870.190.434;10294;9924675;23298,70;0,0014289;0,000000;0,0000000;0,0013530;0,0002737;0,0828864;
497;PACAEMBU;231.406.083;236.689.527;14877;4249935;30756,60;0,0000000;0,000000;0,0000000;0,0013090;0,0003170;0,0222239;
498;PALESTINA;833.839.598;787.801.561;11476;7683571;59759,92;0,0000000;0,000000;0,0000000;0,0010580;0,0003080;0,0486863;
499;PALMARES PAULISTA;93.327.961;101.358.523;9650;1567894;6206,90;0,0000000;0,000000;0,0000000;0,0013450;0,0002570;0,0118481;
500;PALMEIRA D'OESTE;174.202.516;154.671.956;8903;3844184;28642,86;0,0007208;0,000000;0,0000000;0,0012960;0,0002151;0,0181670;
501;PALMITAL;1.007.639.176;1.106.936.112;19594;15339236;70449,30;0,0018186;0,000000;0,0000000;0,0012430;0,0005130;0,0638875;
502;PANORAMA;223.746.963;224.977.041;14964;7471839;26448,90;0,0084912;0,000000;0,0000000;0,0010250;0,0004714;0,0270727;
503;PARAGUACU PAULISTA;1.783.902.229;1.440.398.243;41120;28371235;107424,20;0,0000000;0,000000;0,0000000;0,0016670;0,0011035;0,0982346;
504;PARAIBUNA;402.895.264;425.048.210;17667;26570157;35549,80;0,0163384;0,524062;0,0011055;0,0011460;0,0004684;0,0471125;
505;PARAISO;648.059.347;545.251.437;6099;3917143;13127,50;0,0000000;0,000000;0,0000000;0,0013450;0,0001386;0,0304171;
506;PARANAPANEMA;1.129.308.107;1.239.178.797;19395;24880184;92596,10;0,0178608;0,050846;0,0000000;0,0011630;0,0004948;0,0812177;
508;PARANAPUA;142.287.798;149.007.272;4031;564818;12828,08;0,0000000;0,000000;0,0000000;0,0009380;0,0001408;0,0130239;
509;PARAPUA;558.389.932;549.311.458;10580;7767881;30238,70;0,0000000;0,000000;0,0000000;0,0012650;0,0002872;0,0337907;
507;PARDINHO;409.172.941;378.168.747;7153;13216042;18353,61;0,0000000;0,204376;0,0015436;0,0012470;0,0001951;0,0283660;
510;PARIQUERA-ACU;277.734.691;214.100.394;19233;9536568;8668,20;0,0000000;0,310764;0,0094022;0,0012960;0,0004775;0,0335371;
754;PARISI;103.655.130;77.186.953;2892;763566;7894,20;0,0000000;0,000000;0,0000000;0,0013530;0,0001000;0,0097897;
511;PATROCINIO PAULISTA;1.334.501.287;1.255.531.741;14512;11667621;41585,70;0,0000000;0,000000;0,0000000;0,0011760;0,0004256;0,0654469;
512;PAULICEIA;331.498.314;361.905.149;7955;8408074;23988,70;0,0159380;0,000000;0,0000000;0,0010470;0,0002574;0,0323845;
513;PAULINIA;83.476.657.294;81.375.585.091;110537;399400961;4257,60;0,0001874;0,000000;0,0000000;0,0028160;0,0029078;3,1637050;
792;PAULISTANIA;107.496.580;85.745.008;2090;4228305;21311,20;0,0000000;0,000000;0,0000000;0,0012510;0,0000641;0,0120172;
514;PAULO DE FARIA;358.659.513;517.101.450;7400;4291166;63378,00;0,0110274;0,037067;0,0000000;0,0011020;0,0001868;0,0396306;
515;PEDERNEIRAS;4.303.612.199;3.037.035.107;44827;30750960;58106,10;0,0026734;0,081970;0,0000000;0,0014640;0,0011091;0,1690336;
516;PEDRA BELA;133.126.918;99.991.791;6557;1703974;12345,20;0,0000000;0,251674;0,0016903;0,0013000;0,0001623;0,0166108;
517;PEDRANOPOLIS;299.341.723;200.152.604;2787;1619105;21867,40;0,0007170;0,000000;0,0000000;0,0013530;0,0000791;0,0183107;
518;PEDREGULHO;739.508.311;1.454.275.423;15525;9194285;51214,50;0,0016125;0,158588;0,0000000;0,0013530;0,0004475;0,0628213;
519;PEDREIRA;1.727.647.770;1.499.823.022;43112;40675253;5651,60;0,0001029;0,220500;0,0010697;0,0016510;0,0012865;0,0868534;
755;PEDRINHAS PAULISTA;205.385.000;218.588.244;2804;1658598;21163,60;0,0046109;0,000000;0,0000000;0,0012650;0,0000716;0,0186651;
520;PEDRO DE TOLEDO;51.935.248;46.603.941;11281;4417583;3317,20;0,0000000;3,715863;0,0029062;0,0007650;0,0002967;0,0499507;
521;PENAPOLIS;1.856.785.187;1.754.416.171;61679;48904541;55012,30;0,0060772;0,000000;0,0000000;0,0015520;0,0014643;0,1055014;
522;PEREIRA BARRETO;1.052.568.082;1.057.403.383;24095;14334451;65799,68;0,0407636;0,000000;0,0000000;0,0013360;0,0006483;0,0841003;
523;PEREIRAS;410.105.423;279.829.176;8737;4059834;19892,20;0,0000000;0,000000;0,0000000;0,0013450;0,0002312;0,0232293;
524;PERUIBE;651.324.742;594.009.116;68352;116225913;1162,70;0,0000000;1,435031;0,0061550;0,0014090;0,0018805;0,0771623;
525;PIACATU;143.469.964;168.784.186;5519;2075222;19754,10;0,0000000;0,000000;0,0000000;0,0013310;0,0001429;0,0149809;
526;PIEDADE;1.411.331.653;1.226.696.826;52970;25439342;27595,10;0,0002308;0,131124;0,0155432;0,0000000;0,0014488;0,0938900;
527;PILAR DO SUL;1.009.293.896;1.056.256.378;27619;13329236;33890,80;0,0000000;0,000000;0,0102832;0,0013170;0,0007405;0,0688167;
528;PINDAMONHANGABA;10.821.557.221;10.466.562.551;165428;170800444;38069,30;0,0000000;0,000000;0,0105482;0,0028750;0,0043304;0,4853687;
529;PINDORAMA;540.196.642;440.253.858;14542;11558678;14345,50;0,0000000;0,078255;0,0000000;0,0010490;0,0003504;0,0303253;
531;PINHALZINHO;196.544.174;164.667.367;15224;8580831;8646,40;0,0000000;0,249812;0,0016567;0,0013180;0,0004058;0,0217366;
532;PIQUEROBI;345.057.974;224.189.777;3264;2161426;42969,30;0,0000000;0,121592;0,0000000;0,0012430;0,0000969;0,0242872;
533;PIQUETE;119.253.374;94.915.422;12490;3593851;6986,50;0,0000000;0,075007;0,0036016;0,0010400;0,0003014;0,0172385;
534;PIRACAIA;494.561.775;463.113.703;26029;34226400;24489,70;0,0043569;0,397787;0,0053774;0,0000000;0,0006814;0,0471414;
535;PIRACICABA;30.887.070.844;30.304.643.907;423323;665868893;96034,90;0,0038288;0,127532;0,0014285;0,0030020;0,0096230;1,3338337;
537;PIRAJU;852.740.710;858.644.223;29436;24057619;44389,40;0,0075962;0,067202;0,0006932;0,0016730;0,0008153;0,0603965;
538;PIRAJUI;686.031.950;681.229.007;22431;11644262;66180,80;0,0032435;0,218130;0,0013446;0,0013360;0,0005118;0,0532378;
539;PIRANGI;455.359.929;373.872.706;10885;5463876;17833,00;0,0000000;0,000000;0,0000000;0,0012600;0,0002539;0,0259002;
540;PIRAPORA DO BOM JESUS;529.250.848;220.443.346;18370;10542148;2061,80;0,0010386;0,000000;0,0020827;0,0000000;0,0005588;0,0274391;
541;PIRAPOZINHO;915.718.208;848.262.490;25348;14122515;40352,90;0,0052610;0,000000;0,0000000;0,0016450;0,0006154;0,0552452;
536;PIRASSUNUNGA;3.823.583.852;2.896.539.698;73545;66895856;49903,90;0,0000000;0,000060;0,0000000;0,0013150;0,0016042;0,1623763;
542;PIRATININGA;269.273.534;211.368.295;15108;17898618;27282,90;0,0000000;0,232509;0,0023555;0,0013360;0,0003370;0,0273879;
543;PITANGUEIRAS;2.176.969.319;1.806.614.975;33674;22623262;37506,40;0,0000000;0,000000;0,0000000;0,0014270;0,0009296;0,0978388;
544;PLANALTO;917.528.932;516.976.600;4389;2793415;23840,70;0,0001458;0,000000;0,0000000;0,0009340;0,0001215;0,0361540;
545;PLATINA;294.644.382;388.890.812;3025;2811264;35632,60;0,0000000;0,000000;0,0000000;0,0013310;0,0001018;0,0242211;
546;POA;2.122.366.146;2.042.578.875;103765;83009563;29,70;0,0000000;0,006569;0,0000131;0,0030420;0,0028454;0,1229583;
547;POLONI;207.668.868;292.055.102;5592;2435672;12174,07;0,0000000;0,000000;0,0000000;0,0011580;0,0000446;0,0160977;
548;POMPEIA;1.955.326.853;2.753.877.728;20196;15259424;65130,00;0,0000000;0,000000;0,0000000;0,0012430;0,0004645;0,1108710;
549;PONGAI;174.367.205;188.476.552;3395;2170578;15863,77;0,0017688;0,000000;0,0000000;0,0013450;0,0000944;0,0155231;
550;PONTAL;2.155.805.700;1.614.681.311;37607;18484185;29573,40;0,0000000;0,000000;0,0000000;0,0015850;0,0009795;0,0929573;
756;PONTALINDA;113.202.238;105.553.425;4127;487098;19300,19;0,0000000;0,000000;0,0000000;0,0013530;0,0001106;0,0126385;
551;PONTES GESTAL;331.634.180;355.889.933;2387;2642847;16738,50;0,0013507;0,000000;0,0000000;0,0013310;0,0000658;0,0212399;
552;POPULINA;195.416.789;181.113.013;4127;556141;25859,50;0,0036072;0,000000;0,0000000;0,0009780;0,0001004;0,0182411;
553;PORANGABA;141.826.144;106.049.401;10451;10517463;20518,90;0,0000000;0,000000;0,0000000;0,0013450;0,0002463;0,0156242;
554;PORTO FELIZ;5.153.179.436;4.423.036.059;56497;159019975;36001,10;0,0000000;0,000000;0,0000000;0,0015410;0,0014170;0,2155182;
555;PORTO FERREIRA;2.898.509.476;2.456.458.841;52649;49429650;18256,70;0,0000000;0,068189;0,0000000;0,0013060;0,0012162;0,1261910;
757;POTIM;159.121.579;124.694.735;20392;4614541;3700,30;0,0000000;0,000000;0,0000000;0,0000000;0,0004749;0,0154184;
556;POTIRENDABA;1.154.991.647;1.282.074.304;18496;8983620;28835,53;0,0000801;0,000000;0,0000000;0,0012650;0,0004303;0,0606980;
778;PRACINHA;20.503.126;13.712.542;2578;513525;5312,90;0,0000000;0,000000;0,0000000;0,0012960;0,0000688;0,0062000;
557;PRADOPOLIS;2.308.616.257;1.135.875.630;17078;11045482;11244,70;0,0000000;0,000000;0,0000000;0,0013310;0,0004576;0,0761015;
558;PRAIA GRANDE;3.759.080.322;3.547.851.777;349935;851864250;4,00;0,0000000;0,772508;0,0023381;0,0030220;0,0082846;0,2991557;
779;PRATANIA;178.295.924;157.643.388;5126;2107255;14819,33;0,0000000;0,000000;0,0000000;0,0011720;0,0001642;0,0146855;
559;PRESIDENTE ALVES;114.170.481;89.521.927;3804;2180046;24614,20;0,0000000;0,229190;0,0019596;0,0011540;0,0000301;0,0165901;
560;PRESIDENTE BERNARDES;638.526.081;531.627.444;14490;11167884;62112,40;0,0000000;0,000000;0,0000000;0,0013310;0,0003237;0,0411590;
561;PRESIDENTE EPITACIO;884.586.357;689.704.262;39505;20239175;90399,60;0,0450380;0,000000;0,0000000;0,0015570;0,0008670;0,0837416;
562;PRESIDENTE PRUDENTE;6.254.148.140;5.357.006.514;225668;247531706;42369,24;0,0000000;0,000000;0,0000000;0,0030710;0,0052903;0,3099805;
563;PRESIDENTE VENCESLAU;593.993.827;581.250.482;35201;20666122;66329,30;0,0024407;0,135483;0,0000000;0,0016840;0,0008715;0,0522011;
564;PROMISSAO;1.648.790.823;1.564.434.919;35131;18062049;62585,08;0,0085186;0,000000;0,0000000;0,0016840;0,0008013;0,0906679;
780;QUADRA;116.554.969;127.892.834;3405;4142640;17337,90;0,0000000;0,000000;0,0000000;0,0013450;0,0000996;0,0128119;
565;QUATA;876.825.933;780.697.906;13163;6567516;56816,90;0,0000000;0,000000;0,0000000;0,0013310;0,0003577;0,0495287;
566;QUEIROZ;906.320.830;781.750.345;3265;3743064;17220,20;0,0000000;0,000000;0,0000000;0,0009380;0,0000810;0,0394500;
567;QUELUZ;214.635.182;225.137.219;9159;6286756;11349,50;0,0007798;0,013388;0,0039911;0,0013360;0,0002529;0,0220151;
568;QUINTANA;324.073.791;371.927.348;7038;2394700;28300,20;0,0000000;0,000000;0,0000000;0,0012870;0,0002211;0,0246141;
569;RAFARD;730.765.613;384.499.620;8965;6879448;9654,60;0,0000000;0,000000;0,0000000;0,0011020;0,0002768;0,0298554;
570;RANCHARIA;1.872.355.769;1.916.501.369;28588;18697768;130289,90;0,0010304;0,000000;0,0000000;0,0016670;0,0008222;0,1094587;
571;REDENCAO DA SERRA;76.241.994;33.768.464;4494;1336568;16185,70;0,0028108;0,000000;0,0000000;0,0011460;0,0001310;0,0116146;
572;REGENTE FEIJO;921.080.941;811.136.210;20145;20938974;22693,46;0,0000000;0,000000;0,0000000;0,0013450;0,0004728;0,0473170;
573;REGINOPOLIS;306.008.813;289.367.050;7662;3401460;33301,60;0,0044828;0,318293;0,0023402;0,0012380;0,0001973;0,0310913;
574;REGISTRO;1.708.471.412;1.144.661.311;59947;53978070;22969,40;0,0000000;0,000000;0,0187536;0,0015570;0,0015739;0,1024897;
575;RESTINGA;332.407.523;278.955.510;6404;3850614;18953,10;0,0000000;0,000000;0,0000000;0,0012200;0,0001946;0,0210594;
576;RIBEIRA;24.008.187;23.165.511;3132;1400808;17266,20;0,0000000;0,000000;0,0094401;0,0012060;0,0000822;0,0181148;
577;RIBEIRAO BONITO;309.696.192;281.179.732;10989;3991465;32793,50;0,0000000;0,000000;0,0000000;0,0000000;0,0002702;0,0235073;
578;RIBEIRAO BRANCO;333.784.437;280.109.735;18627;2972282;45039,90;0,0000000;0,000000;0,0143074;0,0009760;0,0005853;0,0445895;
579;RIBEIRAO CORRENTE;406.229.060;243.078.316;4608;3103913;12286,80;0,0000000;0,000000;0,0000000;0,0010890;0,0001428;0,0198021;
580;RIBEIRAO DO SUL;229.728.055;333.189.494;4677;1658747;27233,70;0,0000000;0,000000;0,0000000;0,0012780;0,0001201;0,0207052;
793;RIBEIRAO DOS INDIOS;99.584.773;98.687.921;2025;657561;17187,10;0,0000000;0,000000;0,0000000;0,0012290;0,0000606;0,0111952;
758;RIBEIRAO GRANDE;38.603.942;32.356.091;7450;1737519;8733,20;0,0000000;0,417001;0,0084376;0,0013050;0,0001985;0,0217969;
581;RIBEIRAO PIRES;3.801.563.661;3.437.466.595;115559;123823774;175,50;0,0012612;0,000000;0,0022662;0,0030220;0,0023724;0,1807359;
582;RIBEIRAO PRETO;30.881.878.173;28.115.829.173;698642;1332451514;42063,94;0,0000000;0,013406;0,0000013;0,0193590;0,0127253;1,3634189;
584;RIFAINA;683.036.103;610.371.117;4049;10751001;8351,80;0,0044767;0,000000;0,0025740;0,0012290;0,0000855;0,0358997;
585;RINCAO;355.606.526;358.689.483;9098;4388142;26987,90;0,0000000;0,000000;0,0000000;0,0013310;0,0002512;0,0252428;
586;RINOPOLIS;408.332.585;377.454.457;9259;3604923;31883,10;0,0000000;0,000000;0,0000000;0,0012290;0,0000733;0,0253714;
587;RIO CLARO;12.070.388.596;11.700.847.375;201418;233588285;32866,90;0,0000000;0,324761;0,0025173;0,0028450;0,0046823;0,5348703;
588;RIO DAS PEDRAS;1.778.941.550;2.005.576.531;31328;31822779;16713,80;0,0000000;0,000000;0,0000000;0,0012840;0,0007640;0,0893431;
589;RIO GRANDE DA SERRA;312.230.627;272.399.502;44170;13177699;16,00;0,0003086;0,000000;0,0011332;0,0000000;0,0007529;0,0262644;
590;RIOLANDIA;679.362.609;458.773.831;10309;4834844;46657,90;0,0115238;0,000000;0,0000000;0,0010360;0,0002889;0,0425652;
583;RIVERSUL;192.462.846;173.469.712;5599;2697318;33073,60;0,0000000;0,000000;0,0000000;0,0013450;0,0001553;0,0184313;
730;ROSANA;2.485.632.682;2.486.335.556;17440;11580220;48914,10;0,0112267;0,000000;0,0000000;0,0012200;0,0003938;0,1170236;
591;ROSEIRA;275.549.559;276.071.013;10832;5959676;7954,70;0,0000000;0,000000;0,0000000;0,0010400;0,0003194;0,0196587;
592;RUBIACEA;136.995.008;161.285.159;2700;1423558;19963,30;0,0000000;0,000000;0,0000000;0,0013090;0,0000815;0,0139091;
593;RUBINEIA;123.989.549;103.240.640;3833;3744392;12637,53;0,0149662;0,000000;0,0000000;0,0010840;0,0001044;0,0190633;
594;SABINO;138.253.844;224.592.722;5112;1905798;17219,20;0,0122469;0,000000;0,0000000;0,0013450;0,0001310;0,0215110;
595;SAGRES;54.100.585;41.033.527;2474;469128;12559,90;0,0000000;0,000000;0,0000000;0,0013090;0,0000809;0,0087232;
596;SALES;436.927.017;353.355.977;6437;5444508;16936,10;0,0098641;0,000000;0,0000000;0,0012560;0,0001737;0,0288577;
597;SALES OLIVEIRA;503.907.985;478.329.111;11411;11117593;26909,20;0,0000000;0,000000;0,0000000;0,0012650;0,0002491;0,0306205;
598;SALESOPOLIS;205.534.383;169.911.878;15202;4174496;14372,70;0,0049065;1,022399;0,0038968;0,0013530;0,0004091;0,0352520;
599;SALMOURAO;120.859.100;101.301.675;4808;989887;14035,40;0,0000000;0,000000;0,0000000;0,0012650;0,0001298;0,0120100;
759;SALTINHO;603.227.670;548.262.445;8161;8669518;7030,40;0,0000000;0,000000;0,0000000;0,0013090;0,0002243;0,0298534;
600;SALTO;7.931.866.197;6.966.382.114;134319;160772892;4275,30;0,0000273;0,018467;0,0000897;0,0028750;0,0029338;0,3313355;
602;SALTO DE PIRAPORA;2.567.384.452;2.304.686.145;43748;35240683;17325,40;0,0000000;0,000000;0,0000000;0,0015680;0,0011346;0,1145395;
601;SALTO GRANDE;342.074.167;354.212.202;9050;6322990;24403,10;0,0011518;0,000000;0,0000000;0,0013360;0,0002247;0,0248407;
603;SANDOVALINA;1.068.513.030;1.149.528.111;3645;3541555;34560,40;0,0041237;0,000000;0,0000000;0,0013140;0,0001247;0,0552882;
604;SANTA ADELIA;485.259.321;503.433.550;14018;11602590;28021,90;0,0000000;0,000000;0,0000000;0,0013450;0,0003153;0,0318710;
605;SANTA ALBERTINA;494.581.795;257.574.258;6393;2606494;22316,67;0,0061942;0,000000;0,0000000;0,0013000;0,0001600;0,0268647;
606;SANTA BARBARA D'OESTE;6.086.500.175;6.170.757.501;183347;197302405;19933,20;0,0000000;0,000000;0,0000000;0,0030910;0,0042466;0,3031920;
608;SANTA BRANCA;153.796.434;244.650.759;13975;9522159;16983,50;0,0012217;0,000000;0,0000000;0,0011460;0,0003289;0,0194666;
609;SANTA CLARA D'OESTE;203.478.845;186.143.876;2598;1991387;14614,68;0,0061980;0,000000;0,0000000;0,0013530;0,0000800;0,0178073;
610;SANTA CRUZ DA CONCEICAO;187.701.314;170.728.893;4277;6497739;11728,40;0,0000000;0,000000;0,0000000;0,0012290;0,0001080;0,0141583;
781;SANTA CRUZ DA ESPERANCA;106.035.989;156.757.944;2116;531467;9307,80;0,0000000;0,000000;0,0000000;0,0010360;0,0000572;0,0109522;
611;SANTA CRUZ DAS PALMEIRAS;810.259.430;740.161.401;28864;15195377;22497,40;0,0000000;0,000000;0,0000000;0,0015740;0,0006599;0,0461813;
612;SANTA CRUZ DO RIO PARDO;3.120.964.045;3.323.325.886;46442;46704392;118552,50;0,0000000;0,000000;0,0000000;0,0016730;0,0010807;0,1619976;
613;SANTA ERNESTINA;99.371.704;88.378.588;6118;1852976;9667,20;0,0000000;0,000000;0,0000000;0,0009910;0,0001779;0,0111077;
614;SANTA FE DO SUL;1.137.630.171;1.151.208.950;34794;34286337;17683,75;0,0054341;0,000000;0,0000000;0,0016180;0,0008828;0,0656696;
615;SANTA GERTRUDES;3.499.876.867;3.765.395.094;23611;25948057;7510,20;0,0000000;0,000522;0,0000000;0,0000000;0,0006144;0,1504163;
616;SANTA ISABEL;1.558.552.143;1.457.036.369;53174;38211432;10454,20;0,0008726;0,630768;0,0000000;0,0015790;0,0013863;0,0885911;
617;SANTA LUCIA;140.814.496;135.665.913;7149;2048656;12682,70;0,0000000;0,000000;0,0000000;0,0012820;0,0001865;0,0135971;
618;SANTA MARIA DA SERRA;176.647.711;126.212.435;5243;3282714;17008,40;0,0047807;0,312410;0,0021383;0,0013090;0,0001860;0,0224414;
619;SANTA MERCEDES;106.582.477;108.516.659;2956;1651061;15948,80;0,0000023;0,000000;0,0000000;0,0012960;0,0001066;0,0119300;
621;SANTA RITA DO PASSA QUATRO;953.136.671;945.081.020;24833;24002354;60341,60;0,0000000;0,152998;0,0000000;0,0013450;0,0005513;0,0597398;
620;SANTA RITA D'OESTE;110.383.370;120.865.675;2733;840671;19890,51;0,0017245;0,000000;0,0000000;0,0000000;0,0000599;0,0125693;
622;SANTA ROSA DE VITERBO;1.166.641.198;1.059.040.069;23411;17206077;18406,10;0,0000000;0,000000;0,0000000;0,0013180;0,0005722;0,0569228;
782;SANTA SALETE;48.240.912;37.394.136;1645;945698;7319,69;0,0000000;0,000000;0,0000000;0,0012430;0,0000132;0,0068510;
624;SANTANA DA PONTE PENSA;60.392.325;68.185.370;1670;581529;12491,26;0,0001058;0,000000;0,0000000;0,0013530;0,0000133;0,0086552;
623;SANTANA DE PARNAIBA;9.104.063.744;8.513.266.625;154105;739531145;1195,90;0,0015630;0,009403;0,0036182;0,0030120;0,0039616;0,4260008;
625;SANTO ANASTACIO;428.253.235;380.789.168;17963;9993066;48212,80;0,0000000;0,000000;0,0000000;0,0013450;0,0003780;0,0327120;
626;SANTO ANDRE;21.455.339.889;20.546.877.989;748919;1304621887;161,00;0,0015023;0,079288;0,0036953;0,0191090;0,0154143;1,0729453;
627;SANTO ANTONIO DA ALEGRIA;229.068.603;255.856.903;6775;5222926;21634,70;0,0000000;0,000000;0,0000000;0,0012340;0,0001895;0,0192259;
630;SANTO ANTONIO DE POSSE;1.653.819.937;1.765.019.547;23244;21415132;9962,90;0,0000000;0,060514;0,0003089;0,0013400;0,0006419;0,0799632;
760;SANTO ANTONIO DO ARACANGUA;549.496.771;801.731.811;8379;6640992;104863,54;0,0277390;0,000000;0,0000000;0,0012650;0,0002472;0,0646726;
628;SANTO ANTONIO DO JARDIM;233.867.499;170.044.122;6126;3407161;7813,10;0,0000000;0,000000;0,0000000;0,0013450;0,0001663;0,0149466;
629;SANTO ANTONIO DO PINHAL;67.979.157;54.311.897;7133;8564376;4869,30;0,0000000;0,237539;0,0032415;0,0000000;0,0002280;0,0150819;
631;SANTO EXPEDITO;33.423.924;24.927.893;3000;400877;9188,40;0,0000000;0,000000;0,0000000;0,0012340;0,0000873;0,0075067;
632;SANTOPOLIS DO AGUAPEI;66.668.264;76.481.471;3899;1751362;10758,30;0,0000000;0,000000;0,0000000;0,0000000;0,0001203;0,0092357;
633;SANTOS;33.065.367.069;30.267.090.069;418608;2080310939;446,80;0,0000000;1,222337;0,0042995;0,0030220;0,0086116;1,4234577;
634;SAO BENTO DO SAPUCAI;144.737.337;130.762.974;11674;7314906;11512,30;0,0000000;0,468390;0,0047485;0,0013450;0,0002782;0,0242959;
635;SAO BERNARDO DO CAMPO;62.063.944.186;52.254.569.658;810729;1694346630;42,90;0,0133556;1,147333;0,0043513;0,0179850;0,0192717;2,5089274;
636;SAO CAETANO DO SUL;24.071.644.703;22.111.681.584;165655;646017049;0,00;0,0000000;0,000000;0,0000000;0,0030220;0,0036880;0,9513643;
637;SAO CARLOS;10.629.121.750;9.973.792.146;254857;421063908;80557,80;0,0000000;0,104700;0,0016642;0,0028940;0,0049825;0,4947496;
638;SAO FRANCISCO;79.265.641;72.278.054;2602;591592;7395,55;0,0000000;0,000000;0,0000000;0,0000000;0,0000206;0,0075940;
639;SAO JOAO DA BOA VISTA;3.467.626.187;3.106.081.911;92547;95639471;42349,80;0,0000000;0,000000;0,0000000;0,0016290;0,0020249;0,1656895;
640;SAO JOAO DAS DUAS PONTES;63.176.701;38.994.897;2580;288779;11581,10;0,0000000;0,000000;0,0000000;0,0011630;0,0000456;0,0082147;
761;SAO JOAO DE IRACEMA;67.208.733;62.166.692;1846;742817;14176,20;0,0000000;0,000000;0,0000000;0,0012650;0,0000490;0,0092631;
641;SAO JOAO DO PAU D'ALHO;84.076.024;73.354.227;2242;662726;9621,70;0,0000000;0,003571;0,0000000;0,0012200;0,0000675;0,0092343;
642;SAO JOAQUIM DA BARRA;3.018.069.725;2.726.243.335;48558;40052407;35180,90;0,0000000;0,000000;0,0000000;0,0015850;0,0008596;0,1314439;
644;SAO JOSE DA BELA VISTA;241.003.324;245.372.770;7626;3333092;22479,00;0,0000192;0,000000;0,0000000;0,0010180;0,0002341;0,0197251;
643;SAO JOSE DO BARREIRO;36.872.388;26.345.610;3853;1614221;16234,70;0,0003619;0,000542;0,0162057;0,0011290;0,0001120;0,0255166;
646;SAO JOSE DO RIO PARDO;1.815.618.564;1.575.361.125;52205;40225602;33852,80;0,0005313;0,000000;0,0000000;0,0016290;0,0012443;0,0916307;
647;SAO JOSE DO RIO PRETO;14.203.093.177;13.082.059.229;480393;803151061;20467,70;0,0000000;0,007411;0,0000000;0,0030910;0,0103108;0,6941533;
645;SAO JOSE DOS CAMPOS;55.936.189.850;51.493.582.988;697054;1103323074;48090,10;0,0023870;0,117544;0,0033276;0,0182970;0,0180097;2,3275499;
772;SAO LOURENCO DA SERRA;115.767.861;123.048.642;16067;9789549;533,90;0,0000000;0,000000;0,0068590;0,0011240;0,0004372;0,0211091;
648;SAO LUIZ DO PARAITINGA;150.658.456;127.384.246;10337;4778912;33870,30;0,0000000;0,659476;0,0000000;0,0012650;0,0002690;0,0250276;
649;SAO MANUEL;1.397.922.537;1.387.727.011;37289;27919182;48089,70;0,0080970;0,029682;0,0003586;0,0015570;0,0009180;0,0823979;
650;SAO MIGUEL ARCANJO;921.481.387;780.499.311;32039;11715149;79986,50;0,0000000;0,495893;0,0000000;0,0015960;0,0009286;0,0667883;
100;SAO PAULO;326.739.806.634;301.846.384.486;11451999;56290179354;2157,60;0,0109630;0,828547;0,0076379;0,0182970;0,2243169;17,4894571;
651;SAO PEDRO;725.711.890;686.911.405;38256;37592606;37682,30;0,0039785;0,393338;0,0048078;0,0015300;0,0009475;0,0615718;
652;SAO PEDRO DO TURVO;532.160.976;523.849.249;7217;3019208;72891,80;0,0000000;0,000000;0,0000000;0,0012510;0,0002013;0,0388329;
653;SAO ROQUE;2.831.954.814;2.561.341.964;79484;123078781;2262,80;0,0000000;0,122608;0,0066840;0,0016620;0,0020093;0,1450835;
654;SAO SEBASTIAO;1.477.299.001;1.430.092.979;81595;415293094;1003,90;0,0000000;2,517483;0,0000000;0,0000000;0,0023278;0,1320138;
655;SAO SEBASTIAO DA GRAMA;328.370.971;246.813.232;10441;5755216;20886,10;0,0000000;0,000000;0,0000000;0,0008800;0,0002340;0,0212272;
656;SAO SIMAO;660.162.734;608.497.729;13442;15558316;42663,20;0,0000000;0,119414;0,0000000;0,0013310;0,0002908;0,0406946;
657;SAO VICENTE;2.699.149.833;2.524.771.830;329911;388813147;49,90;0,0000000;1,025322;0,0000000;0,0028260;0,0078682;0,2327529;
658;SARAPUI;334.837.207;316.434.908;10369;4555011;25524,40;0,0000000;0,000000;0,0000000;0,0013180;0,0002625;0,0239729;
659;SARUTAIA;64.735.191;62.241.283;3704;1312605;11421,80;0,0000000;0,169244;0,0008801;0,0013310;0,0001075;0,0121051;
660;SEBASTIANOPOLIS DO SUL;758.274.751;615.417.591;3130;1498768;13819,80;0,0000000;0,000000;0,0000000;0,0013530;0,0000943;0,0331749;
661;SERRA AZUL;244.817.199;211.888.722;12746;3760817;18135,40;0,0000000;0,000000;0,0000000;0,0010180;0,0003199;0,0195789;
662;SERRA NEGRA;508.503.666;479.499.571;29894;48466611;13538,40;0,0000000;0,034073;0,0002465;0,0016510;0,0002421;0,0317211;
663;SERRANA;1.319.100.185;633.874.691;43909;21761769;7527,30;0,0000000;0,000000;0,0000000;0,0000000;0,0011570;0,0564433;
664;SERTAOZINHO;7.667.360.616;6.552.479.275;126887;168140019;30240,50;0,0000000;0,076853;0,0000000;0,0030020;0,0034464;0,3291273;
665;SETE BARRAS;231.424.563;205.986.769;12730;2996556;14533,90;0,0000000;2,504193;0,0273853;0,0013310;0,0003369;0,0713344;
666;SEVERINIA;338.517.964;243.937.260;14576;4621256;11310,00;0,0000000;0,000000;0,0000000;0,0012470;0,0003887;0,0217250;
667;SILVEIRAS;46.306.060;30.237.638;6186;2347651;24851,10;0,0000000;0,416975;0,0055137;0,0000000;0,0001704;0,0207559;
668;SOCORRO;822.148.195;779.485.505;40122;41461829;37444,60;0,0000000;0,095709;0,0007159;0,0016290;0,0008885;0,0556967;
669;SOROCABA;38.152.240.409;36.209.240.427;723682;1227687643;15595,50;0,0000000;0,000000;0,0000000;0,0179230;0,0166906;1,6876468;
670;SUD MENNUCCI;360.053.522;373.065.325;7355;4099579;42369,10;0,0143170;0,000000;0,0000000;0,0012290;0,0001669;0,0343396;
671;SUMARE;12.899.556.054;13.797.899.672;279545;286836615;4045,00;0,0000000;0,000000;0,0000000;0,0025540;0,0061578;0,6021972;
762;SUZANAPOLIS;492.449.094;465.155.494;3408;2587252;27249,80;0,0055918;0,000000;0,0000000;0,0012290;0,0000949;0,0305334;
672;SUZANO;16.096.149.400;15.564.982.595;307429;295748746;4634,60;0,0020166;0,015917;0,0029520;0,0030910;0,0069942;0,7100731;
673;TABAPUA;414.615.094;361.031.668;11323;5575872;28326,80;0,0000000;0,000000;0,0000000;0,0013450;0,0003633;0,0279871;
674;TABATINGA;460.638.174;501.126.287;14769;4455254;28944,10;0,0000000;0,000000;0,0000000;0,0013450;0,0003612;0,0317396;
675;TABOAO DA SERRA;7.238.843.663;7.291.529.711;273542;253935375;3,38;0,0000000;0,000000;0,0000000;0,0028450;0,0066043;0,3750833;
676;TACIBA;1.076.680.275;1.118.263.646;6260;2278321;54653,04;0,0036871;0,000000;0,0000000;0,0012560;0,0001773;0,0586754;
677;TAGUAI;266.810.909;281.978.358;12669;4459724;14646,60;0,0000839;0,193822;0,0007814;0,0012510;0,0003806;0,0243193;
678;TAIACU;124.929.809;122.180.378;5677;2453888;9212,50;0,0000000;0,000000;0,0000000;0,0012380;0,0001227;0,0116774;
679;TAIUVA;198.526.878;200.870.509;6548;3449930;11719,80;0,0000000;0,000000;0,0000000;0,0012650;0,0001556;0,0154412;
680;TAMBAU;820.612.612;742.871.561;21435;17054571;41613,50;0,0000000;0,000000;0,0000000;0,0011410;0,0005954;0,0485397;
681;TANABI;1.512.685.836;1.344.741.337;25265;14565822;66368,58;0,0000000;0,000000;0,0000000;0,0000000;0,0007028;0,0777705;
682;TAPIRAI;198.599.779;199.904.002;7996;3826991;4102,10;0,0007655;0,567077;0,0307062;0,0012870;0,0002450;0,0519494;
683;TAPIRATIBA;392.167.113;334.129.805;11816;3732595;15207,60;0,0000000;0,000000;0,0000000;0,0013000;0,0003123;0,0241485;
785;TAQUARAL;90.449.955;91.193.211;2619;1900541;4927,90;0,0000000;0,000000;0,0000000;0,0009380;0,0000498;0,0085938;
684;TAQUARITINGA;1.589.100.767;1.606.353.374;52260;45441347;49549,50;0,0000000;0,000000;0,0000000;0,0011850;0,0012954;0,0911451;
685;TAQUARITUBA;1.233.662.498;997.079.785;24350;15725638;55501,20;0,0022468;0,070758;0,0004899;0,0011050;0,0005680;0,0654585;
763;TAQUARIVAI;549.377.552;501.516.639;6876;2653726;29507,42;0,0000000;0,000000;0,0000000;0,0009820;0,0001978;0,0310367;
686;TARABAI;133.794.410;117.077.223;6536;4479292;18882,22;0,0000000;0,000000;0,0000000;0,0013140;0,0001779;0,0141827;
731;TARUMA;1.375.794.405;1.273.178.959;14882;13511936;33129,50;0,0000000;0,000000;0,0000000;0,0000000;0,0004722;0,0651135;
687;TATUI;5.069.729.077;4.543.028.772;123942;122814728;34962,00;0,0000000;0,000000;0,0000000;0,0030710;0,0030930;0,2366946;
688;TAUBATE;16.285.919.581;12.362.859.380;310739;365722366;33064,00;0,0000000;0,000000;0,0000000;0,0028750;0,0070216;0,6555148;
689;TEJUPA;210.951.574;135.635.456;4127;1124003;24620,70;0,0032958;0,097541;0,0008145;0,0012250;0,0001145;0,0193632;
690;TEODORO SAMPAIO;552.404.947;502.542.928;22173;9799446;89005,10;0,0124479;2,433622;0,0000000;0,0008850;0,0005786;0,0770794;
691;TERRA ROXA;338.613.333;269.983.988;7904;2260052;18689,30;0,0000000;0,000000;0,0000000;0,0011110;0,0001866;0,0208018;
692;TIETE;2.298.418.641;2.111.561.823;37663;37193605;28475,10;0,0000000;0,410477;0,0026150;0,0015410;0,0009666;0,1124848;
693;TIMBURI;74.870.353;65.458.575;2464;726394;13371,60;0,0045388;0,259229;0,0025700;0,0013310;0,0000725;0,0170781;
773;TORRE DE PEDRA;16.721.168;13.062.881;2046;608371;5047,30;0,0000000;0,100598;0,0010734;0,0013450;0,0000645;0,0081099;
694;TORRINHA;444.314.841;374.820.540;9335;6436845;25979,70;0,0000000;0,207634;0,0014579;0,0012200;0,0000742;0,0286340;
794;TRABIJU;64.536.963;49.830.987;1682;535436;4764,60;0,0000000;0,000000;0,0000000;0,0009730;0,0000436;0,0071314;
695;TREMEMBE;613.218.768;549.825.416;51173;59750491;9903,60;0,0000000;0,009074;0,0000000;0,0013170;0,0011532;0,0452171;
696;TRES FRONTEIRAS;75.843.273;72.137.518;6804;3955079;14241,73;0,0012270;0,000000;0,0000000;0,0012560;0,0001836;0,0120899;
764;TUIUTI;54.437.474;46.957.548;6778;1983475;9418,80;0,0000000;0,231137;0,0011365;0,0013000;0,0001739;0,0130356;
697;TUPA;1.788.494.267;1.889.005.870;63928;63566282;51739,10;0,0000000;0,000000;0,0000000;0,0000000;0,0013782;0,1023518;
698;TUPI PAULISTA;254.047.595;250.154.268;15854;8569129;21879,60;0,0000000;0,000000;0,0000000;0,0012870;0,0004537;0,0231099;
699;TURIUBA;86.067.743;101.142.540;1818;635223;12875,20;0,0003867;0,000000;0,0000000;0,0012910;0,0000458;0,0103062;
700;TURMALINA;115.759.184;106.278.973;1669;455383;13146,70;0,0000000;0,000000;0,0000000;0,0012070;0,0000415;0,0106946;
765;UBARANA;575.575.478;439.953.403;5365;3107612;17839,50;0,0040209;0,000086;0,0000000;0,0013530;0,0001691;0,0301384;
701;UBATUBA;1.216.821.293;1.111.048.789;92981;179101216;807,00;0,0000000;3,960129;0,0000000;0,0015850;0,0023508;0,1258815;
702;UBIRAJARA;282.247.971;266.537.615;5132;1333804;24087,50;0,0000000;0,000000;0,0000000;0,0012470;0,0001595;0,0202415;
703;UCHOA;394.305.772;212.106.004;10394;6983080;22814,20;0,0000000;0,000000;0,0000000;0,0013530;0,0002884;0,0229708;
704;UNIAO PAULISTA;58.607.518;71.208.489;1603;1031230;6778,60;0,0000000;0,000000;0,0000000;0,0010560;0,0000127;0,0075086;
705;URANIA;247.047.491;251.906.035;8833;3205722;20684,72;0,0000000;0,000000;0,0000000;0,0012380;0,0000702;0,0179991;
706;URU;83.830.585;80.747.949;1387;2069587;11649,37;0,0024858;0,126026;0,0002457;0,0013450;0,0000497;0,0123306;
707;URUPES;566.848.017;587.761.858;13744;7928216;30235,80;0,0000737;0,000000;0,0000000;0,0010490;0,0003067;0,0349867;
709;VALENTIM GENTIL;483.855.963;381.645.427;14098;7195512;12180,20;0,0000000;0,000000;0,0000000;0,0013090;0,0004115;0,0275807;
708;VALINHOS;8.638.314.350;8.285.441.742;126373;276542585;1950,30;0,0000000;0,012371;0,0000000;0,0028160;0,0027703;0,3725867;
710;VALPARAISO;2.320.849.252;1.039.108.124;24241;16426479;69878,30;0,0009990;0,000000;0,0000000;0,0012910;0,0006651;0,0878685;
766;VARGEM;116.791.266;113.656.860;10512;4619251;6941,40;0,0022998;0,242519;0,0020690;0,0000000;0,0002266;0,0174602;
711;VARGEM GRANDE DO SUL;899.241.177;928.944.827;40133;35330881;26116,70;0,0000000;0,000000;0,0000000;0,0016010;0,0009923;0,0572270;
720;VARGEM GRANDE PAULISTA;2.654.551.376;2.622.649.275;50415;75500688;329,30;0,0000000;0,134046;0,0003055;0,0014050;0,0013557;0,1255896;
712;VARZEA PAULISTA;3.520.878.190;3.303.777.669;115771;66124707;357,60;0,0000000;0,000000;0,0000000;0,0030420;0,0028051;0,1722256;
713;VERA CRUZ;325.583.389;233.627.712;10176;6343546;20044,00;0,0000000;0,000000;0,0000000;0,0013310;0,0002469;0,0211577;
714;VINHEDO;14.169.100.911;13.500.770.741;76540;175689290;1754,40;0,0000000;0,000000;0,0000000;0,0016510;0,0019398;0,5578410;
715;VIRADOURO;455.375.667;439.257.213;17414;10187758;19357,10;0,0000000;0,000000;0,0000000;0,0013220;0,0003946;0,0295328;
716;VISTA ALEGRE DO ALTO;950.813.038;848.858.150;8109;4497011;7776,40;0,0000000;0,000000;0,0000000;0,0013140;0,0002049;0,0417452;
783;VITORIA BRASIL;31.192.557;39.275.499;1794;298944;4474,75;0,0000000;0,000000;0,0000000;0,0010890;0,0000630;0,0065355;
717;VOTORANTIM;3.367.755.894;3.075.754.091;127923;154749868;4725,60;0,0015497;0,066635;0,0006457;0,0025710;0,0031739;0,1763836;
718;VOTUPORANGA;2.715.767.267;2.503.185.900;96634;97811161;32034,40;0,0000000;0,000000;0,0000000;0,0016950;0,0023078;0,1419355;
774;ZACARIAS;244.584.203;252.042.515;2692;4057077;21336,10;0,0120548;0,000000;0,0000000;0,0000000;0,0000784;0,0233314;
;;;;;;;;;;;;;
;;;;;;;;;;;;;
